Model,Params,Accuracy Mean,Accuracy Std,Precision Mean,Precision Std,Recall Mean,Recall Std,F1-Score Mean,F1-Score Std,Log Loss Mean,AUC Mean
RandomForest,"{'n_estimators': 50, 'max_depth': None, 'min_samples_split': 2, 'min_samples_leaf': 1, 'max_features': 'sqrt'}",0.475,0.020976176963403027,0.5083481423396935,0.026311613472896525,0.475,0.020976176963403027,0.45802498441682105,0.01974384781783958,1.1300954887211265,0.7769355864845939
RandomForest,"{'n_estimators': 50, 'max_depth': None, 'min_samples_split': 2, 'min_samples_leaf': 1, 'max_features': 'log2'}",0.449,0.02576819745345024,0.45930760502251966,0.036366136034325966,0.449,0.02576819745345024,0.4257898607609797,0.028032388323306533,1.158496095472573,0.7508780007002802
RandomForest,"{'n_estimators': 50, 'max_depth': None, 'min_samples_split': 2, 'min_samples_leaf': 1, 'max_features': None}",0.5189999999999999,0.018547236990991426,0.5283866422223978,0.017788734126146063,0.5189999999999999,0.018547236990991426,0.5095406865522373,0.01888708978212466,1.0725019400148308,0.8017910514705882
RandomForest,"{'n_estimators': 50, 'max_depth': None, 'min_samples_split': 2, 'min_samples_leaf': 2, 'max_features': 'sqrt'}",0.473,0.030265491900843114,0.5045628701512095,0.040867542380356586,0.473,0.030265491900843114,0.4533317276350964,0.03231811931829164,1.1298799096817054,0.7765488571428569
RandomForest,"{'n_estimators': 50, 'max_depth': None, 'min_samples_split': 2, 'min_samples_leaf': 2, 'max_features': 'log2'}",0.45899999999999996,0.02130727575266251,0.4949287564053243,0.025047899089298747,0.45899999999999996,0.02130727575266251,0.4343343167611312,0.02160369517243868,1.1413124515977082,0.7720116915266106
RandomForest,"{'n_estimators': 50, 'max_depth': None, 'min_samples_split': 2, 'min_samples_leaf': 2, 'max_features': None}",0.501,0.03120897306865448,0.5133160205994809,0.0370054064196204,0.501,0.03120897306865448,0.49282394039430316,0.03154477516404564,1.074862519491141,0.7998518963585435
RandomForest,"{'n_estimators': 50, 'max_depth': None, 'min_samples_split': 5, 'min_samples_leaf': 1, 'max_features': 'sqrt'}",0.501,0.03891015291668746,0.5279058320075124,0.04335842958941478,0.501,0.03891015291668746,0.487430646838167,0.03742445306837909,1.1253209259390653,0.780259762254902
RandomForest,"{'n_estimators': 50, 'max_depth': None, 'min_samples_split': 5, 'min_samples_leaf': 1, 'max_features': 'log2'}",0.47300000000000003,0.02501999200639361,0.5121443463653564,0.03792844058778604,0.47300000000000003,0.02501999200639361,0.45950412689839937,0.02803646888528232,1.1375392360229766,0.770701005602241
RandomForest,"{'n_estimators': 50, 'max_depth': None, 'min_samples_split': 5, 'min_samples_leaf': 1, 'max_features': None}",0.5149999999999999,0.028106938645110397,0.5308031407776259,0.02969041038418148,0.5149999999999999,0.028106938645110397,0.508639789460565,0.029241561770097176,1.0715646903771692,0.8036216137955183
RandomForest,"{'n_estimators': 50, 'max_depth': None, 'min_samples_split': 5, 'min_samples_leaf': 2, 'max_features': 'sqrt'}",0.4720000000000001,0.028035691537752372,0.49972836426841144,0.01600890617482462,0.4720000000000001,0.028035691537752372,0.45477998348131654,0.0259355065251935,1.12989905200559,0.7830246018907563
RandomForest,"{'n_estimators': 50, 'max_depth': None, 'min_samples_split': 5, 'min_samples_leaf': 2, 'max_features': 'log2'}",0.458,0.013266499161421598,0.4841753875722962,0.017604775714964528,0.458,0.013266499161421598,0.4348672614098429,0.01628004638151698,1.1496333126614318,0.7647611036414567
RandomForest,"{'n_estimators': 50, 'max_depth': None, 'min_samples_split': 5, 'min_samples_leaf': 2, 'max_features': None}",0.516,0.02672077843177478,0.5259269216095084,0.029405937843048707,0.516,0.02672077843177478,0.5055233740368679,0.026991615227995258,1.0695253660593549,0.8045877496498599
RandomForest,"{'n_estimators': 50, 'max_depth': 10, 'min_samples_split': 2, 'min_samples_leaf': 1, 'max_features': 'sqrt'}",0.45999999999999996,0.017029386365926397,0.5104082213653797,0.04904129686426384,0.45999999999999996,0.017029386365926397,0.4232501852771823,0.00853889890318989,1.1365148811637646,0.7816529334733893
RandomForest,"{'n_estimators': 50, 'max_depth': 10, 'min_samples_split': 2, 'min_samples_leaf': 1, 'max_features': 'log2'}",0.45,0.037682887362833546,0.4858178070605678,0.04730091295473965,0.45,0.037682887362833546,0.4134702269043003,0.0387476580732362,1.1598267818808758,0.7591442633053221
RandomForest,"{'n_estimators': 50, 'max_depth': 10, 'min_samples_split': 2, 'min_samples_leaf': 1, 'max_features': None}",0.499,0.03426368339802363,0.5167401503596811,0.0383873574017771,0.499,0.03426368339802363,0.48833605883079256,0.029467266419899864,1.0808586771753146,0.8012127359943978
RandomForest,"{'n_estimators': 50, 'max_depth': 10, 'min_samples_split': 2, 'min_samples_leaf': 2, 'max_features': 'sqrt'}",0.45499999999999996,0.015165750888103095,0.516432827633267,0.03291171335914787,0.45499999999999996,0.015165750888103095,0.42666196142851776,0.0183158340201914,1.1385378771037593,0.7777170728291317
RandomForest,"{'n_estimators': 50, 'max_depth': 10, 'min_samples_split': 2, 'min_samples_leaf': 2, 'max_features': 'log2'}",0.45599999999999996,0.014628738838327797,0.511027734042995,0.04190856567165451,0.45599999999999996,0.014628738838327797,0.4214793136643151,0.016768803639690934,1.1570141385581283,0.7628518151260504
RandomForest,"{'n_estimators': 50, 'max_depth': 10, 'min_samples_split': 2, 'min_samples_leaf': 2, 'max_features': None}",0.503,0.02694438717061498,0.5191220769510165,0.02928141087968774,0.503,0.02694438717061498,0.491226585611364,0.022285752240458905,1.0843386149513865,0.7978383151260504
RandomForest,"{'n_estimators': 50, 'max_depth': 10, 'min_samples_split': 5, 'min_samples_leaf': 1, 'max_features': 'sqrt'}",0.476,0.022449944320643647,0.517850367536464,0.030896837240062987,0.476,0.022449944320643647,0.4481449989391564,0.02643584374635132,1.1386308517531913,0.7754846414565827
RandomForest,"{'n_estimators': 50, 'max_depth': 10, 'min_samples_split': 5, 'min_samples_leaf': 1, 'max_features': 'log2'}",0.45599999999999996,0.015620499351813323,0.48933854596637766,0.017456424452468994,0.45599999999999996,0.015620499351813323,0.42387142240043546,0.019569527024270103,1.1477320263754467,0.771161324929972
RandomForest,"{'n_estimators': 50, 'max_depth': 10, 'min_samples_split': 5, 'min_samples_leaf': 1, 'max_features': None}",0.511,0.030561413579872257,0.5306561723396646,0.030482601300886814,0.511,0.030561413579872257,0.49903156331351006,0.031063943672198627,1.0833920343550867,0.7995954600840337
RandomForest,"{'n_estimators': 50, 'max_depth': 10, 'min_samples_split': 5, 'min_samples_leaf': 2, 'max_features': 'sqrt'}",0.466,0.028000000000000004,0.5134770293418188,0.0577716505703646,0.466,0.028000000000000004,0.43790023759533836,0.03415214770285931,1.1436367596970405,0.7716425840336133
RandomForest,"{'n_estimators': 50, 'max_depth': 10, 'min_samples_split': 5, 'min_samples_leaf': 2, 'max_features': 'log2'}",0.4680000000000001,0.02014944167960988,0.5230875447786422,0.04481988732605478,0.4680000000000001,0.02014944167960988,0.4371368563570256,0.024809344676126038,1.1565401088456917,0.7640331904761906
RandomForest,"{'n_estimators': 50, 'max_depth': 10, 'min_samples_split': 5, 'min_samples_leaf': 2, 'max_features': None}",0.5069999999999999,0.03171750305430743,0.5250178981305611,0.038734961593373335,0.5069999999999999,0.03171750305430743,0.4936707848643547,0.03173786715816149,1.081946992187985,0.8015566386554622
RandomForest,"{'n_estimators': 50, 'max_depth': 20, 'min_samples_split': 2, 'min_samples_leaf': 1, 'max_features': 'sqrt'}",0.465,0.019748417658131494,0.49150198668958983,0.024733498784634197,0.465,0.019748417658131494,0.4448996036136304,0.028033862812481495,1.1279739592292435,0.7802789758403361
RandomForest,"{'n_estimators': 50, 'max_depth': 20, 'min_samples_split': 2, 'min_samples_leaf': 1, 'max_features': 'log2'}",0.462,0.016309506430300085,0.4802522920702167,0.0172911841874607,0.462,0.016309506430300085,0.44219334483132366,0.015224659503438105,1.1611156119232606,0.7474501831232493
RandomForest,"{'n_estimators': 50, 'max_depth': 20, 'min_samples_split': 2, 'min_samples_leaf': 1, 'max_features': None}",0.512,0.027129319932501096,0.5217683590094061,0.02707102835361378,0.512,0.027129319932501096,0.5029083802831249,0.026326822290722966,1.0726556276817596,0.8016217738095239
RandomForest,"{'n_estimators': 50, 'max_depth': 20, 'min_samples_split': 2, 'min_samples_leaf': 2, 'max_features': 'sqrt'}",0.475,0.021679483388678793,0.5045719707908323,0.028183978641129762,0.475,0.021679483388678793,0.4574830637392588,0.02215344124337452,1.1294102892239666,0.7777859516806722
RandomForest,"{'n_estimators': 50, 'max_depth': 20, 'min_samples_split': 2, 'min_samples_leaf': 2, 'max_features': 'log2'}",0.45600000000000007,0.010677078252031305,0.49724909974939413,0.02031592560498129,0.45600000000000007,0.010677078252031305,0.43458905712739515,0.010986791505866119,1.140162977314271,0.7716401943277311
RandomForest,"{'n_estimators': 50, 'max_depth': 20, 'min_samples_split': 2, 'min_samples_leaf': 2, 'max_features': None}",0.5,0.03361547262794323,0.5110458967970447,0.03888986386266697,0.5,0.03361547262794323,0.4905877707156593,0.03315245482428209,1.0743940376616326,0.7999402454481792
RandomForest,"{'n_estimators': 50, 'max_depth': 20, 'min_samples_split': 5, 'min_samples_leaf': 1, 'max_features': 'sqrt'}",0.492,0.03854867053479279,0.5203942134457155,0.03730657722943823,0.492,0.03854867053479279,0.4784931898864433,0.03892776839350488,1.1258217297876474,0.7799447909663866
RandomForest,"{'n_estimators': 50, 'max_depth': 20, 'min_samples_split': 5, 'min_samples_leaf': 1, 'max_features': 'log2'}",0.483,0.010770329614269018,0.5162219779048678,0.013088283804473052,0.483,0.010770329614269018,0.46934600145160765,0.009875970048903076,1.1364882240934429,0.7750613364845937
RandomForest,"{'n_estimators': 50, 'max_depth': 20, 'min_samples_split': 5, 'min_samples_leaf': 1, 'max_features': None}",0.515,0.028635642126552733,0.5264290448408439,0.027681477530707956,0.515,0.028635642126552733,0.5077807383726155,0.030548151356074957,1.0736624723914538,0.8029564499299721
RandomForest,"{'n_estimators': 50, 'max_depth': 20, 'min_samples_split': 5, 'min_samples_leaf': 2, 'max_features': 'sqrt'}",0.457,0.02580697580112788,0.48799439882729734,0.0074431972666861995,0.457,0.02580697580112788,0.4383959939827495,0.02276986629326342,1.1279188486530967,0.7851733438375351
RandomForest,"{'n_estimators': 50, 'max_depth': 20, 'min_samples_split': 5, 'min_samples_leaf': 2, 'max_features': 'log2'}",0.462,0.02694438717061496,0.47732328822114606,0.03435145044611776,0.462,0.02694438717061496,0.4378910503067865,0.0341990261469798,1.1492786822374637,0.7664748732492997
RandomForest,"{'n_estimators': 50, 'max_depth': 20, 'min_samples_split': 5, 'min_samples_leaf': 2, 'max_features': None}",0.516,0.02922327839240492,0.5257937983333203,0.031251367558475275,0.516,0.02922327839240492,0.5051788291770967,0.028469582122988186,1.0722942144498002,0.8025991225490194
RandomForest,"{'n_estimators': 100, 'max_depth': None, 'min_samples_split': 2, 'min_samples_leaf': 1, 'max_features': 'sqrt'}",0.506,0.020832666655999678,0.5413204232449168,0.016292798344337188,0.506,0.020832666655999678,0.48561644538270643,0.018530926622933912,1.1130499614365017,0.7997946974789916
RandomForest,"{'n_estimators': 100, 'max_depth': None, 'min_samples_split': 2, 'min_samples_leaf': 1, 'max_features': 'log2'}",0.475,0.028809720581775874,0.5075334816498981,0.023939004684900348,0.475,0.028809720581775874,0.4490101456265526,0.02761537258065448,1.14470537560225,0.7702175584733894
RandomForest,"{'n_estimators': 100, 'max_depth': None, 'min_samples_split': 2, 'min_samples_leaf': 1, 'max_features': None}",0.517,0.026570660511172867,0.5254835796585657,0.025362712270103855,0.517,0.026570660511172867,0.5036143998617113,0.02398319811898015,1.0669574542042475,0.8085002633053222
RandomForest,"{'n_estimators': 100, 'max_depth': None, 'min_samples_split': 2, 'min_samples_leaf': 2, 'max_features': 'sqrt'}",0.489,0.02709243436828814,0.5198552809402891,0.050526428729961055,0.489,0.02709243436828814,0.46669658409210724,0.030535817600136447,1.1166636175801927,0.7973744583333333
RandomForest,"{'n_estimators': 100, 'max_depth': None, 'min_samples_split': 2, 'min_samples_leaf': 2, 'max_features': 'log2'}",0.477,0.03458323293158117,0.5206151207018066,0.049638432173324185,0.477,0.03458323293158117,0.4514625848691873,0.03887547045893396,1.132532677479609,0.7899142514005602
RandomForest,"{'n_estimators': 100, 'max_depth': None, 'min_samples_split': 2, 'min_samples_leaf': 2, 'max_features': None}",0.5199999999999999,0.025884358211089593,0.5303693649120701,0.030327809061228807,0.5199999999999999,0.025884358211089593,0.5089954051156175,0.02558361668972805,1.0652809483864698,0.8120406074929972
RandomForest,"{'n_estimators': 100, 'max_depth': None, 'min_samples_split': 5, 'min_samples_leaf': 1, 'max_features': 'sqrt'}",0.514,0.017720045146669368,0.548126310265715,0.027145706833330584,0.514,0.017720045146669368,0.49676998834849895,0.022615725400168495,1.1087273165122977,0.8047914646358544
RandomForest,"{'n_estimators': 100, 'max_depth': None, 'min_samples_split': 5, 'min_samples_leaf': 1, 'max_features': 'log2'}",0.489,0.01319090595827293,0.5367581689896433,0.009571669840669088,0.489,0.01319090595827293,0.4667688036218773,0.013311968048688165,1.1223545805064277,0.7964648795518208
RandomForest,"{'n_estimators': 100, 'max_depth': None, 'min_samples_split': 5, 'min_samples_leaf': 1, 'max_features': None}",0.525,0.02549509756796391,0.5342251512792109,0.02322626228992083,0.525,0.02549509756796391,0.5137401679761178,0.023566243299852727,1.063092718630828,0.813664088585434
RandomForest,"{'n_estimators': 100, 'max_depth': None, 'min_samples_split': 5, 'min_samples_leaf': 2, 'max_features': 'sqrt'}",0.499,0.0037416573867739447,0.5333277652624829,0.01832395052765489,0.499,0.0037416573867739447,0.47459974900231616,0.005004189574255811,1.114049923115976,0.803660725140056
RandomForest,"{'n_estimators': 100, 'max_depth': None, 'min_samples_split': 5, 'min_samples_leaf': 2, 'max_features': 'log2'}",0.48200000000000004,0.024819347291981715,0.5122876082061218,0.041326722229327206,0.48200000000000004,0.024819347291981715,0.4538356581647755,0.029749581821582976,1.133327929692912,0.7902846456582632
RandomForest,"{'n_estimators': 100, 'max_depth': None, 'min_samples_split': 5, 'min_samples_leaf': 2, 'max_features': None}",0.5349999999999999,0.03301514803843834,0.550058766925283,0.03547817400295279,0.5349999999999999,0.03301514803843834,0.5240354275958666,0.03193319543266491,1.0642651726179966,0.8124430990896357
RandomForest,"{'n_estimators': 100, 'max_depth': 10, 'min_samples_split': 2, 'min_samples_leaf': 1, 'max_features': 'sqrt'}",0.47300000000000003,0.02039607805437113,0.5319546916670785,0.030779837927576166,0.47300000000000003,0.02039607805437113,0.43955555135497926,0.019225918251325653,1.1221570289123073,0.8015468466386555
RandomForest,"{'n_estimators': 100, 'max_depth': 10, 'min_samples_split': 2, 'min_samples_leaf': 1, 'max_features': 'log2'}",0.48100000000000004,0.02222611077089288,0.5450083873071201,0.041576269580131296,0.48100000000000004,0.02222611077089288,0.4420460994627833,0.02391485533360976,1.1477177116648496,0.7799952009803921
RandomForest,"{'n_estimators': 100, 'max_depth': 10, 'min_samples_split': 2, 'min_samples_leaf': 1, 'max_features': None}",0.519,0.027092434368288155,0.5382062712583193,0.03600180293790879,0.519,0.027092434368288155,0.5039199342931366,0.024149934467360797,1.076771553076616,0.8091509201680672
RandomForest,"{'n_estimators': 100, 'max_depth': 10, 'min_samples_split': 2, 'min_samples_leaf': 2, 'max_features': 'sqrt'}",0.48,0.017606816861659012,0.5514349734736639,0.02091619479288871,0.48,0.017606816861659012,0.44863003289605585,0.01726297163966137,1.1279977079357644,0.7961046295518207
RandomForest,"{'n_estimators': 100, 'max_depth': 10, 'min_samples_split': 2, 'min_samples_leaf': 2, 'max_features': 'log2'}",0.462,0.010770329614268992,0.5384741424494408,0.015528114608680815,0.462,0.010770329614268992,0.41790528952970873,0.008906189185836641,1.1463666285721714,0.7830727696078432
RandomForest,"{'n_estimators': 100, 'max_depth': 10, 'min_samples_split': 2, 'min_samples_leaf': 2, 'max_features': None}",0.518,0.02541653005427765,0.5393317374565905,0.03739858437802619,0.518,0.02541653005427765,0.5045108364481721,0.026829846980606312,1.0793764477672547,0.8074220973389357
RandomForest,"{'n_estimators': 100, 'max_depth': 10, 'min_samples_split': 5, 'min_samples_leaf': 1, 'max_features': 'sqrt'}",0.49499999999999994,0.012649110640673528,0.5612760705879133,0.03373335743450958,0.49499999999999994,0.012649110640673528,0.46552035501752675,0.016091844933111252,1.1269753184686855,0.7954590728291315
RandomForest,"{'n_estimators': 100, 'max_depth': 10, 'min_samples_split': 5, 'min_samples_leaf': 1, 'max_features': 'log2'}",0.48600000000000004,0.01714642819948224,0.5471217837141789,0.02017587746027075,0.48600000000000004,0.01714642819948224,0.4493124351780139,0.016170443042164376,1.1385096351917938,0.791526649859944
RandomForest,"{'n_estimators': 100, 'max_depth': 10, 'min_samples_split': 5, 'min_samples_leaf': 1, 'max_features': None}",0.511,0.016552945357246864,0.5242432782605141,0.018014231924916666,0.511,0.016552945357246864,0.49460427123193595,0.0181220092118263,1.077157267211851,0.8089393557422969
RandomForest,"{'n_estimators': 100, 'max_depth': 10, 'min_samples_split': 5, 'min_samples_leaf': 2, 'max_features': 'sqrt'}",0.48900000000000005,0.03168595903550974,0.5493067703229648,0.06085771100653446,0.48900000000000005,0.03168595903550974,0.45402554662177863,0.03699671884258051,1.1292222457449295,0.7958509320728291
RandomForest,"{'n_estimators': 100, 'max_depth': 10, 'min_samples_split': 5, 'min_samples_leaf': 2, 'max_features': 'log2'}",0.481,0.01984943324127921,0.5461637740847544,0.018757986933364813,0.481,0.01984943324127921,0.4346636431137608,0.020273609701073912,1.1428607913614575,0.7890625392156864
RandomForest,"{'n_estimators': 100, 'max_depth': 10, 'min_samples_split': 5, 'min_samples_leaf': 2, 'max_features': None}",0.522,0.021118712081942895,0.5418583038959234,0.027313754106411188,0.522,0.021118712081942895,0.5058813385676588,0.019427474800439194,1.076931553619724,0.8112273396358545
RandomForest,"{'n_estimators': 100, 'max_depth': 20, 'min_samples_split': 2, 'min_samples_leaf': 1, 'max_features': 'sqrt'}",0.504,0.023958297101421902,0.5409459435773254,0.03001083269472024,0.504,0.023958297101421902,0.48199749886360965,0.027384808819359178,1.1118195687936328,0.8023775038515406
RandomForest,"{'n_estimators': 100, 'max_depth': 20, 'min_samples_split': 2, 'min_samples_leaf': 1, 'max_features': 'log2'}",0.46900000000000003,0.021771541057077237,0.5099261008611775,0.03197727104643844,0.46900000000000003,0.021771541057077237,0.44376393264639324,0.023828909524524173,1.1451803441586457,0.7704454068627451
RandomForest,"{'n_estimators': 100, 'max_depth': 20, 'min_samples_split': 2, 'min_samples_leaf': 1, 'max_features': None}",0.5170000000000001,0.02731300056749535,0.5242845297551263,0.02549478391446234,0.5170000000000001,0.02731300056749535,0.5034932937632591,0.024472848015609047,1.0686904284381882,0.8078125651260505
RandomForest,"{'n_estimators': 100, 'max_depth': 20, 'min_samples_split': 2, 'min_samples_leaf': 2, 'max_features': 'sqrt'}",0.49400000000000005,0.029563490998188967,0.5303880646653603,0.05442601108819483,0.49400000000000005,0.029563490998188967,0.4733404873563064,0.03227322865468619,1.1148998744830119,0.799163600490196
RandomForest,"{'n_estimators': 100, 'max_depth': 20, 'min_samples_split': 2, 'min_samples_leaf': 2, 'max_features': 'log2'}",0.48,0.025884358211089573,0.5377102855348228,0.043686139817488714,0.48,0.025884358211089573,0.4525624554506128,0.035303536540505116,1.1307153646419565,0.790732419117647
RandomForest,"{'n_estimators': 100, 'max_depth': 20, 'min_samples_split': 2, 'min_samples_leaf': 2, 'max_features': None}",0.517,0.027856776554368242,0.5274419295501164,0.03298248562840631,0.517,0.027856776554368242,0.5059275357595424,0.027862837449070227,1.0654114987151053,0.8119240483193277
RandomForest,"{'n_estimators': 100, 'max_depth': 20, 'min_samples_split': 5, 'min_samples_leaf': 1, 'max_features': 'sqrt'}",0.508,0.01860107523773829,0.5416751057266926,0.018185859884013538,0.508,0.01860107523773829,0.490726866120679,0.017018907896817644,1.1096160418034333,0.8047243914565826
RandomForest,"{'n_estimators': 100, 'max_depth': 20, 'min_samples_split': 5, 'min_samples_leaf': 1, 'max_features': 'log2'}",0.488,0.020639767440550297,0.5359639229737893,0.03746494562709954,0.488,0.020639767440550297,0.4622757479860131,0.021024497476503458,1.1239445231317569,0.7969586519607843
RandomForest,"{'n_estimators': 100, 'max_depth': 20, 'min_samples_split': 5, 'min_samples_leaf': 1, 'max_features': None}",0.525,0.024899799195977484,0.5349055396973018,0.02234210813584408,0.525,0.024899799195977484,0.5136864211112623,0.022937896025436527,1.0639034171461188,0.8133340077030813
RandomForest,"{'n_estimators': 100, 'max_depth': 20, 'min_samples_split': 5, 'min_samples_leaf': 2, 'max_features': 'sqrt'}",0.5,0.008944271909999166,0.5395449414422316,0.032655407864461354,0.5,0.008944271909999166,0.4768707150576744,0.015469486325400088,1.1110287738053708,0.8055796071428573
RandomForest,"{'n_estimators': 100, 'max_depth': 20, 'min_samples_split': 5, 'min_samples_leaf': 2, 'max_features': 'log2'}",0.46799999999999997,0.026381811916545837,0.5005607738872347,0.04601549195140253,0.46799999999999997,0.026381811916545837,0.43871052497654867,0.03323916021531109,1.1351888817383018,0.7888168028711483
RandomForest,"{'n_estimators': 100, 'max_depth': 20, 'min_samples_split': 5, 'min_samples_leaf': 2, 'max_features': None}",0.5359999999999999,0.03136877428271623,0.5508393972034925,0.033567029498655386,0.5359999999999999,0.03136877428271623,0.5250033171548212,0.029806871416207224,1.0654423958171926,0.8117979814425771
RandomForest,"{'n_estimators': 200, 'max_depth': None, 'min_samples_split': 2, 'min_samples_leaf': 1, 'max_features': 'sqrt'}",0.51,0.027748873851023242,0.5627566277568156,0.032715296110856704,0.51,0.027748873851023242,0.48927610293109824,0.03261487732732806,1.1068227667932697,0.8135613823529411
RandomForest,"{'n_estimators': 200, 'max_depth': None, 'min_samples_split': 2, 'min_samples_leaf': 1, 'max_features': 'log2'}",0.488,0.03310589071449371,0.5396216160613538,0.04943278931509584,0.488,0.03310589071449371,0.45529898779112904,0.03352738802681419,1.130137040357121,0.7951593144257703
RandomForest,"{'n_estimators': 200, 'max_depth': None, 'min_samples_split': 2, 'min_samples_leaf': 1, 'max_features': None}",0.5349999999999999,0.023021728866442666,0.5466334616790827,0.02531655641527018,0.5349999999999999,0.023021728866442666,0.5183649391399824,0.022806356277499502,1.0639575017301135,0.8144501757703082
RandomForest,"{'n_estimators': 200, 'max_depth': None, 'min_samples_split': 2, 'min_samples_leaf': 2, 'max_features': 'sqrt'}",0.505,0.02428991560298226,0.5517430162212774,0.040902414175410386,0.505,0.02428991560298226,0.48074169765249364,0.02973406343288488,1.1076371319762448,0.8119024194677872
RandomForest,"{'n_estimators': 200, 'max_depth': None, 'min_samples_split': 2, 'min_samples_leaf': 2, 'max_features': 'log2'}",0.487,0.030265491900843124,0.5706726719560409,0.054537592212478316,0.487,0.030265491900843124,0.4555918145142471,0.03697657922924702,1.1289671964988812,0.8013747422969187
RandomForest,"{'n_estimators': 200, 'max_depth': None, 'min_samples_split': 2, 'min_samples_leaf': 2, 'max_features': None}",0.53,0.015165750888103116,0.5425253361854045,0.01707852011706957,0.53,0.015165750888103116,0.5157321262402705,0.014621981356613948,1.0637214915741662,0.815319806022409
RandomForest,"{'n_estimators': 200, 'max_depth': None, 'min_samples_split': 5, 'min_samples_leaf': 1, 'max_features': 'sqrt'}",0.538,0.029257477676655576,0.5937184409015686,0.037656087926256875,0.538,0.029257477676655576,0.5219606844384769,0.035812125714176704,1.0989688552832528,0.8224197969187677
RandomForest,"{'n_estimators': 200, 'max_depth': None, 'min_samples_split': 5, 'min_samples_leaf': 1, 'max_features': 'log2'}",0.49700000000000005,0.024617067250182364,0.5539825012464439,0.034026605358694874,0.49700000000000005,0.024617067250182364,0.468202294839164,0.029440588836501427,1.1219707896110458,0.8056425602240896
RandomForest,"{'n_estimators': 200, 'max_depth': None, 'min_samples_split': 5, 'min_samples_leaf': 1, 'max_features': None}",0.5349999999999999,0.018165902124584965,0.5454900137710761,0.01335554364767047,0.5349999999999999,0.018165902124584965,0.5206959515788782,0.017554580290623567,1.0641513480032567,0.8157781292016807
RandomForest,"{'n_estimators': 200, 'max_depth': None, 'min_samples_split': 5, 'min_samples_leaf': 2, 'max_features': 'sqrt'}",0.508,0.009797958971132722,0.5588891103923073,0.020280844945999747,0.508,0.009797958971132722,0.4815742259372561,0.017151838591225575,1.110185533567803,0.8108023578431374
RandomForest,"{'n_estimators': 200, 'max_depth': None, 'min_samples_split': 5, 'min_samples_leaf': 2, 'max_features': 'log2'}",0.491,0.031208973068654482,0.5529746030869186,0.04233590352423299,0.491,0.031208973068654482,0.45659798332710044,0.037793357315032965,1.1274294124351125,0.8048896761204481
RandomForest,"{'n_estimators': 200, 'max_depth': None, 'min_samples_split': 5, 'min_samples_leaf': 2, 'max_features': None}",0.528,0.019646882704388517,0.5383478527306986,0.021789823366738313,0.528,0.019646882704388517,0.5134817718344131,0.01613607025137051,1.0630004328893334,0.8167782881652661
RandomForest,"{'n_estimators': 200, 'max_depth': 10, 'min_samples_split': 2, 'min_samples_leaf': 1, 'max_features': 'sqrt'}",0.492,0.010770329614269018,0.560173275927909,0.019369841699822837,0.492,0.010770329614269018,0.4549315348412314,0.012556435547643836,1.1216971564757676,0.8079401442577032
RandomForest,"{'n_estimators': 200, 'max_depth': 10, 'min_samples_split': 2, 'min_samples_leaf': 1, 'max_features': 'log2'}",0.47700000000000004,0.019131126469708982,0.5615970364075049,0.02352722515861435,0.47700000000000004,0.019131126469708982,0.42884091012719894,0.020744228442908172,1.1399312117880758,0.7966095567226891
RandomForest,"{'n_estimators': 200, 'max_depth': 10, 'min_samples_split': 2, 'min_samples_leaf': 1, 'max_features': None}",0.517,0.02088061301782112,0.5305573820741449,0.02767278746247652,0.517,0.02088061301782112,0.4999979201813101,0.02016336718055904,1.0768337353487003,0.810917918767507
RandomForest,"{'n_estimators': 200, 'max_depth': 10, 'min_samples_split': 2, 'min_samples_leaf': 2, 'max_features': 'sqrt'}",0.489,0.022449944320643657,0.5723110544252951,0.02587230117352525,0.489,0.022449944320643657,0.44933208673989916,0.024644045848530118,1.1268224883352436,0.8029359740896357
RandomForest,"{'n_estimators': 200, 'max_depth': 10, 'min_samples_split': 2, 'min_samples_leaf': 2, 'max_features': 'log2'}",0.475,0.02024845673131658,0.5534939873087245,0.07462431189435419,0.475,0.02024845673131658,0.423567020581364,0.03142531788295557,1.1452223723693211,0.7908413795518208
RandomForest,"{'n_estimators': 200, 'max_depth': 10, 'min_samples_split': 2, 'min_samples_leaf': 2, 'max_features': None}",0.526,0.018814887722226795,0.5444568233640605,0.021605743538545826,0.526,0.018814887722226795,0.5084700408686447,0.01615521046480017,1.078852961736962,0.8094470532212885
RandomForest,"{'n_estimators': 200, 'max_depth': 10, 'min_samples_split': 5, 'min_samples_leaf': 1, 'max_features': 'sqrt'}",0.489,0.015297058540778351,0.5756167195893506,0.027676389788101066,0.489,0.015297058540778351,0.4563132801666508,0.018141084218703377,1.1213394252350466,0.8072992871148459
RandomForest,"{'n_estimators': 200, 'max_depth': 10, 'min_samples_split': 5, 'min_samples_leaf': 1, 'max_features': 'log2'}",0.499,0.022891046284519215,0.6139580755073599,0.052052799204536655,0.499,0.022891046284519215,0.454846570953097,0.03359592550122276,1.1405638630767894,0.795866287815126
RandomForest,"{'n_estimators': 200, 'max_depth': 10, 'min_samples_split': 5, 'min_samples_leaf': 1, 'max_features': None}",0.5210000000000001,0.014282856857085711,0.5313338641493628,0.01677480860341576,0.5210000000000001,0.014282856857085711,0.4981714984473909,0.01059925190345014,1.0775551429863064,0.8107706183473388
RandomForest,"{'n_estimators': 200, 'max_depth': 10, 'min_samples_split': 5, 'min_samples_leaf': 2, 'max_features': 'sqrt'}",0.5029999999999999,0.022494443758403985,0.5924462473577148,0.04976360587269434,0.5029999999999999,0.022494443758403985,0.46723946560368307,0.025440556555558564,1.1240255232732257,0.808032536414566
RandomForest,"{'n_estimators': 200, 'max_depth': 10, 'min_samples_split': 5, 'min_samples_leaf': 2, 'max_features': 'log2'}",0.48200000000000004,0.010770329614269,0.5699972565242734,0.025647226170290086,0.48200000000000004,0.010770329614269,0.4310637183324337,0.01613979554800891,1.1445565504458224,0.792667137254902
RandomForest,"{'n_estimators': 200, 'max_depth': 10, 'min_samples_split': 5, 'min_samples_leaf': 2, 'max_features': None}",0.522,0.020149441679609904,0.5365929651680891,0.019954050490196322,0.522,0.020149441679609904,0.5014584247839803,0.01587516303800648,1.0769016221278127,0.8119532598039216
RandomForest,"{'n_estimators': 200, 'max_depth': 20, 'min_samples_split': 2, 'min_samples_leaf': 1, 'max_features': 'sqrt'}",0.5050000000000001,0.024899799195977467,0.5567513522121867,0.03206556062789522,0.5050000000000001,0.024899799195977467,0.4834892266841348,0.03330973768539979,1.1089930757626938,0.811576918767507
RandomForest,"{'n_estimators': 200, 'max_depth': 20, 'min_samples_split': 2, 'min_samples_leaf': 1, 'max_features': 'log2'}",0.47800000000000004,0.03355592347112504,0.5436667406258691,0.038897511132006526,0.47800000000000004,0.03355592347112504,0.45030149909674366,0.032494647353755506,1.1298897042643141,0.7950908879551821
RandomForest,"{'n_estimators': 200, 'max_depth': 20, 'min_samples_split': 2, 'min_samples_leaf': 1, 'max_features': None}",0.5309999999999999,0.028178005607210736,0.5414924523320751,0.03498084651495021,0.5309999999999999,0.028178005607210736,0.5151125438829645,0.02909614924413557,1.0646226221102275,0.814240512605042
RandomForest,"{'n_estimators': 200, 'max_depth': 20, 'min_samples_split': 2, 'min_samples_leaf': 2, 'max_features': 'sqrt'}",0.5090000000000001,0.024779023386727737,0.5595253867532224,0.042555738512068016,0.5090000000000001,0.024779023386727737,0.48625471650840985,0.03103300686892512,1.1055469091786754,0.814791825280112
RandomForest,"{'n_estimators': 200, 'max_depth': 20, 'min_samples_split': 2, 'min_samples_leaf': 2, 'max_features': 'log2'}",0.4760000000000001,0.021999999999999995,0.5449593870981682,0.043200788553103685,0.4760000000000001,0.021999999999999995,0.44056125048895173,0.034130327404289576,1.1287507700928578,0.8000164929971989
RandomForest,"{'n_estimators': 200, 'max_depth': 20, 'min_samples_split': 2, 'min_samples_leaf': 2, 'max_features': None}",0.5309999999999999,0.018814887722226795,0.5416440598155211,0.021960364118371465,0.5309999999999999,0.018814887722226795,0.5159305054492122,0.01875850016783788,1.0637467042950994,0.8159074278711484
RandomForest,"{'n_estimators': 200, 'max_depth': 20, 'min_samples_split': 5, 'min_samples_leaf': 1, 'max_features': 'sqrt'}",0.535,0.029832867780352587,0.5921637992795215,0.03904027681374894,0.535,0.029832867780352587,0.5188359994253164,0.03730986569298077,1.0994475908561552,0.8221931771708684
RandomForest,"{'n_estimators': 200, 'max_depth': 20, 'min_samples_split': 5, 'min_samples_leaf': 1, 'max_features': 'log2'}",0.493,0.0422610932182309,0.5510074684973748,0.04148562558965508,0.493,0.0422610932182309,0.4643338294574207,0.04372496393687927,1.122888293825926,0.8049249866946779
RandomForest,"{'n_estimators': 200, 'max_depth': 20, 'min_samples_split': 5, 'min_samples_leaf': 1, 'max_features': None}",0.538,0.02249444375840397,0.5471009093316874,0.02042990743992382,0.538,0.02249444375840397,0.5230895455116318,0.02060305805068053,1.0648128284869973,0.8152321852240896
RandomForest,"{'n_estimators': 200, 'max_depth': 20, 'min_samples_split': 5, 'min_samples_leaf': 2, 'max_features': 'sqrt'}",0.507,0.018055470085267804,0.5667716702524273,0.02901822826586707,0.507,0.018055470085267804,0.4833687471834989,0.02533812644605977,1.1094717359278994,0.8115279040616246
RandomForest,"{'n_estimators': 200, 'max_depth': 20, 'min_samples_split': 5, 'min_samples_leaf': 2, 'max_features': 'log2'}",0.493,0.02839013913315679,0.5646047885886911,0.041668407640783986,0.493,0.02839013913315679,0.46011499250895566,0.03188990548242349,1.1288170425425081,0.8037555462184873
RandomForest,"{'n_estimators': 200, 'max_depth': 20, 'min_samples_split': 5, 'min_samples_leaf': 2, 'max_features': None}",0.529,0.018275666882497082,0.539240785987778,0.021129660376761738,0.529,0.018275666882497082,0.514875424604561,0.017701458407175952,1.0636285136825607,0.8161411824229692
SVM,"{'kernel': 'linear', 'C': 0.1, 'gamma': 'scale', 'degree': 3, 'coef0': 0}",0.593,0.018867962264113226,0.7856187084426436,0.012002348451904466,0.593,0.018867962264113226,0.5616133109178942,0.028098619080085274,0.7553214171670899,0.9107383781512606
SVM,"{'kernel': 'linear', 'C': 0.1, 'gamma': 'scale', 'degree': 3, 'coef0': 0.1}",0.593,0.018867962264113226,0.7856187084426436,0.012002348451904466,0.593,0.018867962264113226,0.5616133109178942,0.028098619080085274,0.7553214171670899,0.9107383781512606
SVM,"{'kernel': 'linear', 'C': 0.1, 'gamma': 'scale', 'degree': 3, 'coef0': 1}",0.593,0.018867962264113226,0.7856187084426436,0.012002348451904466,0.593,0.018867962264113226,0.5616133109178942,0.028098619080085274,0.7553214171670899,0.9107383781512606
SVM,"{'kernel': 'linear', 'C': 0.1, 'gamma': 'scale', 'degree': 4, 'coef0': 0}",0.593,0.018867962264113226,0.7856187084426436,0.012002348451904466,0.593,0.018867962264113226,0.5616133109178942,0.028098619080085274,0.7553214171670899,0.9107383781512606
SVM,"{'kernel': 'linear', 'C': 0.1, 'gamma': 'scale', 'degree': 4, 'coef0': 0.1}",0.593,0.018867962264113226,0.7856187084426436,0.012002348451904466,0.593,0.018867962264113226,0.5616133109178942,0.028098619080085274,0.7553214171670899,0.9107383781512606
SVM,"{'kernel': 'linear', 'C': 0.1, 'gamma': 'scale', 'degree': 4, 'coef0': 1}",0.593,0.018867962264113226,0.7856187084426436,0.012002348451904466,0.593,0.018867962264113226,0.5616133109178942,0.028098619080085274,0.7553214171670899,0.9107383781512606
SVM,"{'kernel': 'linear', 'C': 0.1, 'gamma': 'scale', 'degree': 5, 'coef0': 0}",0.593,0.018867962264113226,0.7856187084426436,0.012002348451904466,0.593,0.018867962264113226,0.5616133109178942,0.028098619080085274,0.7553214171670899,0.9107383781512606
SVM,"{'kernel': 'linear', 'C': 0.1, 'gamma': 'scale', 'degree': 5, 'coef0': 0.1}",0.593,0.018867962264113226,0.7856187084426436,0.012002348451904466,0.593,0.018867962264113226,0.5616133109178942,0.028098619080085274,0.7553214171670899,0.9107383781512606
SVM,"{'kernel': 'linear', 'C': 0.1, 'gamma': 'scale', 'degree': 5, 'coef0': 1}",0.593,0.018867962264113226,0.7856187084426436,0.012002348451904466,0.593,0.018867962264113226,0.5616133109178942,0.028098619080085274,0.7553214171670899,0.9107383781512606
SVM,"{'kernel': 'linear', 'C': 0.1, 'gamma': 'auto', 'degree': 3, 'coef0': 0}",0.593,0.018867962264113226,0.7856187084426436,0.012002348451904466,0.593,0.018867962264113226,0.5616133109178942,0.028098619080085274,0.7553214171670899,0.9107383781512606
SVM,"{'kernel': 'linear', 'C': 0.1, 'gamma': 'auto', 'degree': 3, 'coef0': 0.1}",0.593,0.018867962264113226,0.7856187084426436,0.012002348451904466,0.593,0.018867962264113226,0.5616133109178942,0.028098619080085274,0.7553214171670899,0.9107383781512606
SVM,"{'kernel': 'linear', 'C': 0.1, 'gamma': 'auto', 'degree': 3, 'coef0': 1}",0.593,0.018867962264113226,0.7856187084426436,0.012002348451904466,0.593,0.018867962264113226,0.5616133109178942,0.028098619080085274,0.7553214171670899,0.9107383781512606
SVM,"{'kernel': 'linear', 'C': 0.1, 'gamma': 'auto', 'degree': 4, 'coef0': 0}",0.593,0.018867962264113226,0.7856187084426436,0.012002348451904466,0.593,0.018867962264113226,0.5616133109178942,0.028098619080085274,0.7553214171670899,0.9107383781512606
SVM,"{'kernel': 'linear', 'C': 0.1, 'gamma': 'auto', 'degree': 4, 'coef0': 0.1}",0.593,0.018867962264113226,0.7856187084426436,0.012002348451904466,0.593,0.018867962264113226,0.5616133109178942,0.028098619080085274,0.7553214171670899,0.9107383781512606
SVM,"{'kernel': 'linear', 'C': 0.1, 'gamma': 'auto', 'degree': 4, 'coef0': 1}",0.593,0.018867962264113226,0.7856187084426436,0.012002348451904466,0.593,0.018867962264113226,0.5616133109178942,0.028098619080085274,0.7553214171670899,0.9107383781512606
SVM,"{'kernel': 'linear', 'C': 0.1, 'gamma': 'auto', 'degree': 5, 'coef0': 0}",0.593,0.018867962264113226,0.7856187084426436,0.012002348451904466,0.593,0.018867962264113226,0.5616133109178942,0.028098619080085274,0.7553214171670899,0.9107383781512606
SVM,"{'kernel': 'linear', 'C': 0.1, 'gamma': 'auto', 'degree': 5, 'coef0': 0.1}",0.593,0.018867962264113226,0.7856187084426436,0.012002348451904466,0.593,0.018867962264113226,0.5616133109178942,0.028098619080085274,0.7553214171670899,0.9107383781512606
SVM,"{'kernel': 'linear', 'C': 0.1, 'gamma': 'auto', 'degree': 5, 'coef0': 1}",0.593,0.018867962264113226,0.7856187084426436,0.012002348451904466,0.593,0.018867962264113226,0.5616133109178942,0.028098619080085274,0.7553214171670899,0.9107383781512606
SVM,"{'kernel': 'linear', 'C': 1, 'gamma': 'scale', 'degree': 3, 'coef0': 0}",0.7070000000000001,0.02657066051117283,0.7330750454227097,0.02059041568902938,0.7070000000000001,0.02657066051117283,0.7087306317414706,0.027347158969513122,0.6702687193669398,0.9260194712885154
SVM,"{'kernel': 'linear', 'C': 1, 'gamma': 'scale', 'degree': 3, 'coef0': 0.1}",0.7070000000000001,0.02657066051117283,0.7330750454227097,0.02059041568902938,0.7070000000000001,0.02657066051117283,0.7087306317414706,0.027347158969513122,0.6702687193669398,0.9260194712885154
SVM,"{'kernel': 'linear', 'C': 1, 'gamma': 'scale', 'degree': 3, 'coef0': 1}",0.7070000000000001,0.02657066051117283,0.7330750454227097,0.02059041568902938,0.7070000000000001,0.02657066051117283,0.7087306317414706,0.027347158969513122,0.6702687193669398,0.9260194712885154
SVM,"{'kernel': 'linear', 'C': 1, 'gamma': 'scale', 'degree': 4, 'coef0': 0}",0.7070000000000001,0.02657066051117283,0.7330750454227097,0.02059041568902938,0.7070000000000001,0.02657066051117283,0.7087306317414706,0.027347158969513122,0.6702687193669398,0.9260194712885154
SVM,"{'kernel': 'linear', 'C': 1, 'gamma': 'scale', 'degree': 4, 'coef0': 0.1}",0.7070000000000001,0.02657066051117283,0.7330750454227097,0.02059041568902938,0.7070000000000001,0.02657066051117283,0.7087306317414706,0.027347158969513122,0.6702687193669398,0.9260194712885154
SVM,"{'kernel': 'linear', 'C': 1, 'gamma': 'scale', 'degree': 4, 'coef0': 1}",0.7070000000000001,0.02657066051117283,0.7330750454227097,0.02059041568902938,0.7070000000000001,0.02657066051117283,0.7087306317414706,0.027347158969513122,0.6702687193669398,0.9260194712885154
SVM,"{'kernel': 'linear', 'C': 1, 'gamma': 'scale', 'degree': 5, 'coef0': 0}",0.7070000000000001,0.02657066051117283,0.7330750454227097,0.02059041568902938,0.7070000000000001,0.02657066051117283,0.7087306317414706,0.027347158969513122,0.6702687193669398,0.9260194712885154
SVM,"{'kernel': 'linear', 'C': 1, 'gamma': 'scale', 'degree': 5, 'coef0': 0.1}",0.7070000000000001,0.02657066051117283,0.7330750454227097,0.02059041568902938,0.7070000000000001,0.02657066051117283,0.7087306317414706,0.027347158969513122,0.6702687193669398,0.9260194712885154
SVM,"{'kernel': 'linear', 'C': 1, 'gamma': 'scale', 'degree': 5, 'coef0': 1}",0.7070000000000001,0.02657066051117283,0.7330750454227097,0.02059041568902938,0.7070000000000001,0.02657066051117283,0.7087306317414706,0.027347158969513122,0.6702687193669398,0.9260194712885154
SVM,"{'kernel': 'linear', 'C': 1, 'gamma': 'auto', 'degree': 3, 'coef0': 0}",0.7070000000000001,0.02657066051117283,0.7330750454227097,0.02059041568902938,0.7070000000000001,0.02657066051117283,0.7087306317414706,0.027347158969513122,0.6702687193669398,0.9260194712885154
SVM,"{'kernel': 'linear', 'C': 1, 'gamma': 'auto', 'degree': 3, 'coef0': 0.1}",0.7070000000000001,0.02657066051117283,0.7330750454227097,0.02059041568902938,0.7070000000000001,0.02657066051117283,0.7087306317414706,0.027347158969513122,0.6702687193669398,0.9260194712885154
SVM,"{'kernel': 'linear', 'C': 1, 'gamma': 'auto', 'degree': 3, 'coef0': 1}",0.7070000000000001,0.02657066051117283,0.7330750454227097,0.02059041568902938,0.7070000000000001,0.02657066051117283,0.7087306317414706,0.027347158969513122,0.6702687193669398,0.9260194712885154
SVM,"{'kernel': 'linear', 'C': 1, 'gamma': 'auto', 'degree': 4, 'coef0': 0}",0.7070000000000001,0.02657066051117283,0.7330750454227097,0.02059041568902938,0.7070000000000001,0.02657066051117283,0.7087306317414706,0.027347158969513122,0.6702687193669398,0.9260194712885154
SVM,"{'kernel': 'linear', 'C': 1, 'gamma': 'auto', 'degree': 4, 'coef0': 0.1}",0.7070000000000001,0.02657066051117283,0.7330750454227097,0.02059041568902938,0.7070000000000001,0.02657066051117283,0.7087306317414706,0.027347158969513122,0.6702687193669398,0.9260194712885154
SVM,"{'kernel': 'linear', 'C': 1, 'gamma': 'auto', 'degree': 4, 'coef0': 1}",0.7070000000000001,0.02657066051117283,0.7330750454227097,0.02059041568902938,0.7070000000000001,0.02657066051117283,0.7087306317414706,0.027347158969513122,0.6702687193669398,0.9260194712885154
SVM,"{'kernel': 'linear', 'C': 1, 'gamma': 'auto', 'degree': 5, 'coef0': 0}",0.7070000000000001,0.02657066051117283,0.7330750454227097,0.02059041568902938,0.7070000000000001,0.02657066051117283,0.7087306317414706,0.027347158969513122,0.6702687193669398,0.9260194712885154
SVM,"{'kernel': 'linear', 'C': 1, 'gamma': 'auto', 'degree': 5, 'coef0': 0.1}",0.7070000000000001,0.02657066051117283,0.7330750454227097,0.02059041568902938,0.7070000000000001,0.02657066051117283,0.7087306317414706,0.027347158969513122,0.6702687193669398,0.9260194712885154
SVM,"{'kernel': 'linear', 'C': 1, 'gamma': 'auto', 'degree': 5, 'coef0': 1}",0.7070000000000001,0.02657066051117283,0.7330750454227097,0.02059041568902938,0.7070000000000001,0.02657066051117283,0.7087306317414706,0.027347158969513122,0.6702687193669398,0.9260194712885154
SVM,"{'kernel': 'linear', 'C': 10, 'gamma': 'scale', 'degree': 3, 'coef0': 0}",0.673,0.018601075237738254,0.6855118534859515,0.020012714087707044,0.673,0.018601075237738254,0.6754824605997292,0.019036596747446465,0.7414496170729269,0.9099929761904761
SVM,"{'kernel': 'linear', 'C': 10, 'gamma': 'scale', 'degree': 3, 'coef0': 0.1}",0.673,0.018601075237738254,0.6855118534859515,0.020012714087707044,0.673,0.018601075237738254,0.6754824605997292,0.019036596747446465,0.7414496170729269,0.9099929761904761
SVM,"{'kernel': 'linear', 'C': 10, 'gamma': 'scale', 'degree': 3, 'coef0': 1}",0.673,0.018601075237738254,0.6855118534859515,0.020012714087707044,0.673,0.018601075237738254,0.6754824605997292,0.019036596747446465,0.7414496170729269,0.9099929761904761
SVM,"{'kernel': 'linear', 'C': 10, 'gamma': 'scale', 'degree': 4, 'coef0': 0}",0.673,0.018601075237738254,0.6855118534859515,0.020012714087707044,0.673,0.018601075237738254,0.6754824605997292,0.019036596747446465,0.7414496170729269,0.9099929761904761
SVM,"{'kernel': 'linear', 'C': 10, 'gamma': 'scale', 'degree': 4, 'coef0': 0.1}",0.673,0.018601075237738254,0.6855118534859515,0.020012714087707044,0.673,0.018601075237738254,0.6754824605997292,0.019036596747446465,0.7414496170729269,0.9099929761904761
SVM,"{'kernel': 'linear', 'C': 10, 'gamma': 'scale', 'degree': 4, 'coef0': 1}",0.673,0.018601075237738254,0.6855118534859515,0.020012714087707044,0.673,0.018601075237738254,0.6754824605997292,0.019036596747446465,0.7414496170729269,0.9099929761904761
SVM,"{'kernel': 'linear', 'C': 10, 'gamma': 'scale', 'degree': 5, 'coef0': 0}",0.673,0.018601075237738254,0.6855118534859515,0.020012714087707044,0.673,0.018601075237738254,0.6754824605997292,0.019036596747446465,0.7414496170729269,0.9099929761904761
SVM,"{'kernel': 'linear', 'C': 10, 'gamma': 'scale', 'degree': 5, 'coef0': 0.1}",0.673,0.018601075237738254,0.6855118534859515,0.020012714087707044,0.673,0.018601075237738254,0.6754824605997292,0.019036596747446465,0.7414496170729269,0.9099929761904761
SVM,"{'kernel': 'linear', 'C': 10, 'gamma': 'scale', 'degree': 5, 'coef0': 1}",0.673,0.018601075237738254,0.6855118534859515,0.020012714087707044,0.673,0.018601075237738254,0.6754824605997292,0.019036596747446465,0.7414496170729269,0.9099929761904761
SVM,"{'kernel': 'linear', 'C': 10, 'gamma': 'auto', 'degree': 3, 'coef0': 0}",0.673,0.018601075237738254,0.6855118534859515,0.020012714087707044,0.673,0.018601075237738254,0.6754824605997292,0.019036596747446465,0.7414496170729269,0.9099929761904761
SVM,"{'kernel': 'linear', 'C': 10, 'gamma': 'auto', 'degree': 3, 'coef0': 0.1}",0.673,0.018601075237738254,0.6855118534859515,0.020012714087707044,0.673,0.018601075237738254,0.6754824605997292,0.019036596747446465,0.7414496170729269,0.9099929761904761
SVM,"{'kernel': 'linear', 'C': 10, 'gamma': 'auto', 'degree': 3, 'coef0': 1}",0.673,0.018601075237738254,0.6855118534859515,0.020012714087707044,0.673,0.018601075237738254,0.6754824605997292,0.019036596747446465,0.7414496170729269,0.9099929761904761
SVM,"{'kernel': 'linear', 'C': 10, 'gamma': 'auto', 'degree': 4, 'coef0': 0}",0.673,0.018601075237738254,0.6855118534859515,0.020012714087707044,0.673,0.018601075237738254,0.6754824605997292,0.019036596747446465,0.7414496170729269,0.9099929761904761
SVM,"{'kernel': 'linear', 'C': 10, 'gamma': 'auto', 'degree': 4, 'coef0': 0.1}",0.673,0.018601075237738254,0.6855118534859515,0.020012714087707044,0.673,0.018601075237738254,0.6754824605997292,0.019036596747446465,0.7414496170729269,0.9099929761904761
SVM,"{'kernel': 'linear', 'C': 10, 'gamma': 'auto', 'degree': 4, 'coef0': 1}",0.673,0.018601075237738254,0.6855118534859515,0.020012714087707044,0.673,0.018601075237738254,0.6754824605997292,0.019036596747446465,0.7414496170729269,0.9099929761904761
SVM,"{'kernel': 'linear', 'C': 10, 'gamma': 'auto', 'degree': 5, 'coef0': 0}",0.673,0.018601075237738254,0.6855118534859515,0.020012714087707044,0.673,0.018601075237738254,0.6754824605997292,0.019036596747446465,0.7414496170729269,0.9099929761904761
SVM,"{'kernel': 'linear', 'C': 10, 'gamma': 'auto', 'degree': 5, 'coef0': 0.1}",0.673,0.018601075237738254,0.6855118534859515,0.020012714087707044,0.673,0.018601075237738254,0.6754824605997292,0.019036596747446465,0.7414496170729269,0.9099929761904761
SVM,"{'kernel': 'linear', 'C': 10, 'gamma': 'auto', 'degree': 5, 'coef0': 1}",0.673,0.018601075237738254,0.6855118534859515,0.020012714087707044,0.673,0.018601075237738254,0.6754824605997292,0.019036596747446465,0.7414496170729269,0.9099929761904761
SVM,"{'kernel': 'rbf', 'C': 0.1, 'gamma': 'scale', 'degree': 3, 'coef0': 0}",0.4,0.0,0.2,0.0,0.4,0.0,0.25,0.0,0.9932864343059254,0.8431399236694679
SVM,"{'kernel': 'rbf', 'C': 0.1, 'gamma': 'scale', 'degree': 3, 'coef0': 0.1}",0.4,0.0,0.2,0.0,0.4,0.0,0.25,0.0,0.9932864343059254,0.8431399236694679
SVM,"{'kernel': 'rbf', 'C': 0.1, 'gamma': 'scale', 'degree': 3, 'coef0': 1}",0.4,0.0,0.2,0.0,0.4,0.0,0.25,0.0,0.9932864343059254,0.8431399236694679
SVM,"{'kernel': 'rbf', 'C': 0.1, 'gamma': 'scale', 'degree': 4, 'coef0': 0}",0.4,0.0,0.2,0.0,0.4,0.0,0.25,0.0,0.9932864343059254,0.8431399236694679
SVM,"{'kernel': 'rbf', 'C': 0.1, 'gamma': 'scale', 'degree': 4, 'coef0': 0.1}",0.4,0.0,0.2,0.0,0.4,0.0,0.25,0.0,0.9932864343059254,0.8431399236694679
SVM,"{'kernel': 'rbf', 'C': 0.1, 'gamma': 'scale', 'degree': 4, 'coef0': 1}",0.4,0.0,0.2,0.0,0.4,0.0,0.25,0.0,0.9932864343059254,0.8431399236694679
SVM,"{'kernel': 'rbf', 'C': 0.1, 'gamma': 'scale', 'degree': 5, 'coef0': 0}",0.4,0.0,0.2,0.0,0.4,0.0,0.25,0.0,0.9932864343059254,0.8431399236694679
SVM,"{'kernel': 'rbf', 'C': 0.1, 'gamma': 'scale', 'degree': 5, 'coef0': 0.1}",0.4,0.0,0.2,0.0,0.4,0.0,0.25,0.0,0.9932864343059254,0.8431399236694679
SVM,"{'kernel': 'rbf', 'C': 0.1, 'gamma': 'scale', 'degree': 5, 'coef0': 1}",0.4,0.0,0.2,0.0,0.4,0.0,0.25,0.0,0.9932864343059254,0.8431399236694679
SVM,"{'kernel': 'rbf', 'C': 0.1, 'gamma': 'auto', 'degree': 3, 'coef0': 0}",0.344,0.010677078252031296,0.19415402290239286,0.001053320916074951,0.344,0.010677078252031296,0.20367073778320957,0.011524897384765373,0.8871824504233977,0.8836093928571429
SVM,"{'kernel': 'rbf', 'C': 0.1, 'gamma': 'auto', 'degree': 3, 'coef0': 0.1}",0.344,0.010677078252031296,0.19415402290239286,0.001053320916074951,0.344,0.010677078252031296,0.20367073778320957,0.011524897384765373,0.8871824504233977,0.8836093928571429
SVM,"{'kernel': 'rbf', 'C': 0.1, 'gamma': 'auto', 'degree': 3, 'coef0': 1}",0.344,0.010677078252031296,0.19415402290239286,0.001053320916074951,0.344,0.010677078252031296,0.20367073778320957,0.011524897384765373,0.8871824504233977,0.8836093928571429
SVM,"{'kernel': 'rbf', 'C': 0.1, 'gamma': 'auto', 'degree': 4, 'coef0': 0}",0.344,0.010677078252031296,0.19415402290239286,0.001053320916074951,0.344,0.010677078252031296,0.20367073778320957,0.011524897384765373,0.8871824504233977,0.8836093928571429
SVM,"{'kernel': 'rbf', 'C': 0.1, 'gamma': 'auto', 'degree': 4, 'coef0': 0.1}",0.344,0.010677078252031296,0.19415402290239286,0.001053320916074951,0.344,0.010677078252031296,0.20367073778320957,0.011524897384765373,0.8871824504233977,0.8836093928571429
SVM,"{'kernel': 'rbf', 'C': 0.1, 'gamma': 'auto', 'degree': 4, 'coef0': 1}",0.344,0.010677078252031296,0.19415402290239286,0.001053320916074951,0.344,0.010677078252031296,0.20367073778320957,0.011524897384765373,0.8871824504233977,0.8836093928571429
SVM,"{'kernel': 'rbf', 'C': 0.1, 'gamma': 'auto', 'degree': 5, 'coef0': 0}",0.344,0.010677078252031296,0.19415402290239286,0.001053320916074951,0.344,0.010677078252031296,0.20367073778320957,0.011524897384765373,0.8871824504233977,0.8836093928571429
SVM,"{'kernel': 'rbf', 'C': 0.1, 'gamma': 'auto', 'degree': 5, 'coef0': 0.1}",0.344,0.010677078252031296,0.19415402290239286,0.001053320916074951,0.344,0.010677078252031296,0.20367073778320957,0.011524897384765373,0.8871824504233977,0.8836093928571429
SVM,"{'kernel': 'rbf', 'C': 0.1, 'gamma': 'auto', 'degree': 5, 'coef0': 1}",0.344,0.010677078252031296,0.19415402290239286,0.001053320916074951,0.344,0.010677078252031296,0.20367073778320957,0.011524897384765373,0.8871824504233977,0.8836093928571429
SVM,"{'kernel': 'rbf', 'C': 1, 'gamma': 'scale', 'degree': 3, 'coef0': 0}",0.51,0.016431676725154998,0.6412543364058407,0.11089059463578085,0.51,0.016431676725154998,0.4420735542816936,0.024105201893605623,0.9337403295315637,0.8611123158263307
SVM,"{'kernel': 'rbf', 'C': 1, 'gamma': 'scale', 'degree': 3, 'coef0': 0.1}",0.51,0.016431676725154998,0.6412543364058407,0.11089059463578085,0.51,0.016431676725154998,0.4420735542816936,0.024105201893605623,0.9337403295315637,0.8611123158263307
SVM,"{'kernel': 'rbf', 'C': 1, 'gamma': 'scale', 'degree': 3, 'coef0': 1}",0.51,0.016431676725154998,0.6412543364058407,0.11089059463578085,0.51,0.016431676725154998,0.4420735542816936,0.024105201893605623,0.9337403295315637,0.8611123158263307
SVM,"{'kernel': 'rbf', 'C': 1, 'gamma': 'scale', 'degree': 4, 'coef0': 0}",0.51,0.016431676725154998,0.6412543364058407,0.11089059463578085,0.51,0.016431676725154998,0.4420735542816936,0.024105201893605623,0.9337403295315637,0.8611123158263307
SVM,"{'kernel': 'rbf', 'C': 1, 'gamma': 'scale', 'degree': 4, 'coef0': 0.1}",0.51,0.016431676725154998,0.6412543364058407,0.11089059463578085,0.51,0.016431676725154998,0.4420735542816936,0.024105201893605623,0.9337403295315637,0.8611123158263307
SVM,"{'kernel': 'rbf', 'C': 1, 'gamma': 'scale', 'degree': 4, 'coef0': 1}",0.51,0.016431676725154998,0.6412543364058407,0.11089059463578085,0.51,0.016431676725154998,0.4420735542816936,0.024105201893605623,0.9337403295315637,0.8611123158263307
SVM,"{'kernel': 'rbf', 'C': 1, 'gamma': 'scale', 'degree': 5, 'coef0': 0}",0.51,0.016431676725154998,0.6412543364058407,0.11089059463578085,0.51,0.016431676725154998,0.4420735542816936,0.024105201893605623,0.9337403295315637,0.8611123158263307
SVM,"{'kernel': 'rbf', 'C': 1, 'gamma': 'scale', 'degree': 5, 'coef0': 0.1}",0.51,0.016431676725154998,0.6412543364058407,0.11089059463578085,0.51,0.016431676725154998,0.4420735542816936,0.024105201893605623,0.9337403295315637,0.8611123158263307
SVM,"{'kernel': 'rbf', 'C': 1, 'gamma': 'scale', 'degree': 5, 'coef0': 1}",0.51,0.016431676725154998,0.6412543364058407,0.11089059463578085,0.51,0.016431676725154998,0.4420735542816936,0.024105201893605623,0.9337403295315637,0.8611123158263307
SVM,"{'kernel': 'rbf', 'C': 1, 'gamma': 'auto', 'degree': 3, 'coef0': 0}",0.4,0.0,0.2,0.0,0.4,0.0,0.25,0.0,0.8845262925969951,0.8834660133053222
SVM,"{'kernel': 'rbf', 'C': 1, 'gamma': 'auto', 'degree': 3, 'coef0': 0.1}",0.4,0.0,0.2,0.0,0.4,0.0,0.25,0.0,0.8845262925969951,0.8834660133053222
SVM,"{'kernel': 'rbf', 'C': 1, 'gamma': 'auto', 'degree': 3, 'coef0': 1}",0.4,0.0,0.2,0.0,0.4,0.0,0.25,0.0,0.8845262925969951,0.8834660133053222
SVM,"{'kernel': 'rbf', 'C': 1, 'gamma': 'auto', 'degree': 4, 'coef0': 0}",0.4,0.0,0.2,0.0,0.4,0.0,0.25,0.0,0.8845262925969951,0.8834660133053222
SVM,"{'kernel': 'rbf', 'C': 1, 'gamma': 'auto', 'degree': 4, 'coef0': 0.1}",0.4,0.0,0.2,0.0,0.4,0.0,0.25,0.0,0.8845262925969951,0.8834660133053222
SVM,"{'kernel': 'rbf', 'C': 1, 'gamma': 'auto', 'degree': 4, 'coef0': 1}",0.4,0.0,0.2,0.0,0.4,0.0,0.25,0.0,0.8845262925969951,0.8834660133053222
SVM,"{'kernel': 'rbf', 'C': 1, 'gamma': 'auto', 'degree': 5, 'coef0': 0}",0.4,0.0,0.2,0.0,0.4,0.0,0.25,0.0,0.8845262925969951,0.8834660133053222
SVM,"{'kernel': 'rbf', 'C': 1, 'gamma': 'auto', 'degree': 5, 'coef0': 0.1}",0.4,0.0,0.2,0.0,0.4,0.0,0.25,0.0,0.8845262925969951,0.8834660133053222
SVM,"{'kernel': 'rbf', 'C': 1, 'gamma': 'auto', 'degree': 5, 'coef0': 1}",0.4,0.0,0.2,0.0,0.4,0.0,0.25,0.0,0.8845262925969951,0.8834660133053222
SVM,"{'kernel': 'rbf', 'C': 10, 'gamma': 'scale', 'degree': 3, 'coef0': 0}",0.676,0.008602325267042634,0.7072860923383554,0.01699610288732451,0.676,0.008602325267042634,0.6763149787930082,0.009826892614166997,0.7356558135199996,0.9093560812324929
SVM,"{'kernel': 'rbf', 'C': 10, 'gamma': 'scale', 'degree': 3, 'coef0': 0.1}",0.676,0.008602325267042634,0.7072860923383554,0.01699610288732451,0.676,0.008602325267042634,0.6763149787930082,0.009826892614166997,0.7356558135199996,0.9093560812324929
SVM,"{'kernel': 'rbf', 'C': 10, 'gamma': 'scale', 'degree': 3, 'coef0': 1}",0.676,0.008602325267042634,0.7072860923383554,0.01699610288732451,0.676,0.008602325267042634,0.6763149787930082,0.009826892614166997,0.7356558135199996,0.9093560812324929
SVM,"{'kernel': 'rbf', 'C': 10, 'gamma': 'scale', 'degree': 4, 'coef0': 0}",0.676,0.008602325267042634,0.7072860923383554,0.01699610288732451,0.676,0.008602325267042634,0.6763149787930082,0.009826892614166997,0.7356558135199996,0.9093560812324929
SVM,"{'kernel': 'rbf', 'C': 10, 'gamma': 'scale', 'degree': 4, 'coef0': 0.1}",0.676,0.008602325267042634,0.7072860923383554,0.01699610288732451,0.676,0.008602325267042634,0.6763149787930082,0.009826892614166997,0.7356558135199996,0.9093560812324929
SVM,"{'kernel': 'rbf', 'C': 10, 'gamma': 'scale', 'degree': 4, 'coef0': 1}",0.676,0.008602325267042634,0.7072860923383554,0.01699610288732451,0.676,0.008602325267042634,0.6763149787930082,0.009826892614166997,0.7356558135199996,0.9093560812324929
SVM,"{'kernel': 'rbf', 'C': 10, 'gamma': 'scale', 'degree': 5, 'coef0': 0}",0.676,0.008602325267042634,0.7072860923383554,0.01699610288732451,0.676,0.008602325267042634,0.6763149787930082,0.009826892614166997,0.7356558135199996,0.9093560812324929
SVM,"{'kernel': 'rbf', 'C': 10, 'gamma': 'scale', 'degree': 5, 'coef0': 0.1}",0.676,0.008602325267042634,0.7072860923383554,0.01699610288732451,0.676,0.008602325267042634,0.6763149787930082,0.009826892614166997,0.7356558135199996,0.9093560812324929
SVM,"{'kernel': 'rbf', 'C': 10, 'gamma': 'scale', 'degree': 5, 'coef0': 1}",0.676,0.008602325267042634,0.7072860923383554,0.01699610288732451,0.676,0.008602325267042634,0.6763149787930082,0.009826892614166997,0.7356558135199996,0.9093560812324929
SVM,"{'kernel': 'rbf', 'C': 10, 'gamma': 'auto', 'degree': 3, 'coef0': 0}",0.523,0.012083045973594584,0.6522428100850184,0.0997543587190275,0.523,0.012083045973594584,0.46045182934999296,0.01917666537715872,0.8151804309823927,0.8984525966386554
SVM,"{'kernel': 'rbf', 'C': 10, 'gamma': 'auto', 'degree': 3, 'coef0': 0.1}",0.523,0.012083045973594584,0.6522428100850184,0.0997543587190275,0.523,0.012083045973594584,0.46045182934999296,0.01917666537715872,0.8151804309823927,0.8984525966386554
SVM,"{'kernel': 'rbf', 'C': 10, 'gamma': 'auto', 'degree': 3, 'coef0': 1}",0.523,0.012083045973594584,0.6522428100850184,0.0997543587190275,0.523,0.012083045973594584,0.46045182934999296,0.01917666537715872,0.8151804309823927,0.8984525966386554
SVM,"{'kernel': 'rbf', 'C': 10, 'gamma': 'auto', 'degree': 4, 'coef0': 0}",0.523,0.012083045973594584,0.6522428100850184,0.0997543587190275,0.523,0.012083045973594584,0.46045182934999296,0.01917666537715872,0.8151804309823927,0.8984525966386554
SVM,"{'kernel': 'rbf', 'C': 10, 'gamma': 'auto', 'degree': 4, 'coef0': 0.1}",0.523,0.012083045973594584,0.6522428100850184,0.0997543587190275,0.523,0.012083045973594584,0.46045182934999296,0.01917666537715872,0.8151804309823927,0.8984525966386554
SVM,"{'kernel': 'rbf', 'C': 10, 'gamma': 'auto', 'degree': 4, 'coef0': 1}",0.523,0.012083045973594584,0.6522428100850184,0.0997543587190275,0.523,0.012083045973594584,0.46045182934999296,0.01917666537715872,0.8151804309823927,0.8984525966386554
SVM,"{'kernel': 'rbf', 'C': 10, 'gamma': 'auto', 'degree': 5, 'coef0': 0}",0.523,0.012083045973594584,0.6522428100850184,0.0997543587190275,0.523,0.012083045973594584,0.46045182934999296,0.01917666537715872,0.8151804309823927,0.8984525966386554
SVM,"{'kernel': 'rbf', 'C': 10, 'gamma': 'auto', 'degree': 5, 'coef0': 0.1}",0.523,0.012083045973594584,0.6522428100850184,0.0997543587190275,0.523,0.012083045973594584,0.46045182934999296,0.01917666537715872,0.8151804309823927,0.8984525966386554
SVM,"{'kernel': 'rbf', 'C': 10, 'gamma': 'auto', 'degree': 5, 'coef0': 1}",0.523,0.012083045973594584,0.6522428100850184,0.0997543587190275,0.523,0.012083045973594584,0.46045182934999296,0.01917666537715872,0.8151804309823927,0.8984525966386554
SVM,"{'kernel': 'poly', 'C': 0.1, 'gamma': 'scale', 'degree': 3, 'coef0': 0}",0.552,0.009273618495495713,0.7019217108102038,0.01716396838321122,0.552,0.009273618495495713,0.5234812322394617,0.012125033764536181,1.0075701931165775,0.8543706638655462
SVM,"{'kernel': 'poly', 'C': 0.1, 'gamma': 'scale', 'degree': 3, 'coef0': 0.1}",0.562,0.0067823299831252315,0.723355779150617,0.026775051969213405,0.562,0.0067823299831252315,0.5386461580373825,0.008809857534179,0.9705741283223925,0.8588707408963586
SVM,"{'kernel': 'poly', 'C': 0.1, 'gamma': 'scale', 'degree': 3, 'coef0': 1}",0.602,0.013638181696985868,0.726268507637873,0.024751655494218806,0.602,0.013638181696985868,0.5926131028032742,0.014614591217168993,0.8676991528329122,0.8818640119047618
SVM,"{'kernel': 'poly', 'C': 0.1, 'gamma': 'scale', 'degree': 4, 'coef0': 0}",0.5670000000000001,0.020639767440550263,0.6798302654008392,0.028222264007862936,0.5670000000000001,0.020639767440550263,0.5556253332269012,0.024946264807979304,1.0632401248351515,0.8492725133053222
SVM,"{'kernel': 'poly', 'C': 0.1, 'gamma': 'scale', 'degree': 4, 'coef0': 0.1}",0.572,0.015033296378372873,0.6754073011867608,0.0224314651709897,0.572,0.015033296378372873,0.5594163401907756,0.01671296233035173,1.0204311794137537,0.8553714992997199
SVM,"{'kernel': 'poly', 'C': 0.1, 'gamma': 'scale', 'degree': 4, 'coef0': 1}",0.631,0.021071307505705496,0.721218116618285,0.014621094934372407,0.631,0.021071307505705496,0.6300138717052354,0.023165919124353725,0.8484827592564802,0.8886355903361345
SVM,"{'kernel': 'poly', 'C': 0.1, 'gamma': 'scale', 'degree': 5, 'coef0': 0}",0.5730000000000001,0.03695943722515265,0.671769110792734,0.030231383422277616,0.5730000000000001,0.03695943722515265,0.5670526800559119,0.03985306135309088,1.111713629866724,0.8459840749299721
SVM,"{'kernel': 'poly', 'C': 0.1, 'gamma': 'scale', 'degree': 5, 'coef0': 0.1}",0.575,0.03209361307176241,0.6571965168617022,0.0306646201469578,0.575,0.03209361307176241,0.5663181333239354,0.035232164413963374,1.0847247820047443,0.849694338235294
SVM,"{'kernel': 'poly', 'C': 0.1, 'gamma': 'scale', 'degree': 5, 'coef0': 1}",0.625,0.023021728866442694,0.6971265858190681,0.022356547883890947,0.625,0.023021728866442694,0.6240240968351078,0.02392122737749143,0.8771825833503148,0.8840829110644259
SVM,"{'kernel': 'poly', 'C': 0.1, 'gamma': 'auto', 'degree': 3, 'coef0': 0}",0.3,0.0,0.09,0.0,0.3,0.0,0.13846153846153847,0.0,1.3016596760378305,0.7486363914565826
SVM,"{'kernel': 'poly', 'C': 0.1, 'gamma': 'auto', 'degree': 3, 'coef0': 0.1}",0.3,0.0,0.09,0.0,0.3,0.0,0.13846153846153847,0.0,1.1405990079055632,0.7936038158263307
SVM,"{'kernel': 'poly', 'C': 0.1, 'gamma': 'auto', 'degree': 3, 'coef0': 1}",0.4,0.0,0.2,0.0,0.4,0.0,0.25,0.0,0.9247182013519861,0.8721342443977591
SVM,"{'kernel': 'poly', 'C': 0.1, 'gamma': 'auto', 'degree': 4, 'coef0': 0}",0.3,0.0,0.09,0.0,0.3,0.0,0.13846153846153847,0.0,1.464569368551698,0.7211615980392156
SVM,"{'kernel': 'poly', 'C': 0.1, 'gamma': 'auto', 'degree': 4, 'coef0': 0.1}",0.3,0.0,0.09,0.0,0.3,0.0,0.13846153846153847,0.0,1.2277555849972526,0.7537626806722689
SVM,"{'kernel': 'poly', 'C': 0.1, 'gamma': 'auto', 'degree': 4, 'coef0': 1}",0.4,0.0,0.2,0.0,0.4,0.0,0.25,0.0,0.9617328720754111,0.8597633277310924
SVM,"{'kernel': 'poly', 'C': 0.1, 'gamma': 'auto', 'degree': 5, 'coef0': 0}",0.3,0.0,0.09,0.0,0.3,0.0,0.13846153846153847,0.0,1.4778010990076265,0.6845908879551821
SVM,"{'kernel': 'poly', 'C': 0.1, 'gamma': 'auto', 'degree': 5, 'coef0': 0.1}",0.3,0.0,0.09,0.0,0.3,0.0,0.13846153846153847,0.0,1.33628486800898,0.7413224306722688
SVM,"{'kernel': 'poly', 'C': 0.1, 'gamma': 'auto', 'degree': 5, 'coef0': 1}",0.4,0.0,0.2,0.0,0.4,0.0,0.25,0.0,0.991968578127587,0.8499810581232493
SVM,"{'kernel': 'poly', 'C': 1, 'gamma': 'scale', 'degree': 3, 'coef0': 0}",0.63,0.023874672772626667,0.7067978407587796,0.022626124978330508,0.63,0.023874672772626667,0.627999912495396,0.027524844465347857,0.8927397769769885,0.886107331232493
SVM,"{'kernel': 'poly', 'C': 1, 'gamma': 'scale', 'degree': 3, 'coef0': 0.1}",0.639,0.021540659228538032,0.7212913905295203,0.017564949921985946,0.639,0.021540659228538032,0.6398918518923569,0.02447718821367076,0.8582076891328807,0.8905999775910365
SVM,"{'kernel': 'poly', 'C': 1, 'gamma': 'scale', 'degree': 3, 'coef0': 1}",0.652,0.015033296378372921,0.7143465131791279,0.018282815419235245,0.652,0.015033296378372921,0.6531624770081603,0.018750189045194487,0.7781743912811716,0.9042550504201682
SVM,"{'kernel': 'poly', 'C': 1, 'gamma': 'scale', 'degree': 4, 'coef0': 0}",0.597,0.026570660511172836,0.6665447097172529,0.020962550013510897,0.597,0.026570660511172836,0.5909382640928806,0.02754303185175917,1.016038376333801,0.8654632100840335
SVM,"{'kernel': 'poly', 'C': 1, 'gamma': 'scale', 'degree': 4, 'coef0': 0.1}",0.614,0.01743559577416271,0.6863572310437789,0.01688517041290613,0.614,0.01743559577416271,0.6094743621172964,0.017855251923446048,0.9617802081761809,0.8726948795518206
SVM,"{'kernel': 'poly', 'C': 1, 'gamma': 'scale', 'degree': 4, 'coef0': 1}",0.644,0.013928388277184131,0.6883755523298516,0.01889649298575159,0.644,0.013928388277184131,0.6480831014570858,0.013341787514971754,0.8259217667927874,0.8953860679271708
SVM,"{'kernel': 'poly', 'C': 1, 'gamma': 'scale', 'degree': 5, 'coef0': 0}",0.571,0.03199999999999998,0.6394729584282002,0.03684947011053701,0.571,0.03199999999999998,0.5657551717812582,0.03367460227650911,1.1199938417444204,0.8431294642857143
SVM,"{'kernel': 'poly', 'C': 1, 'gamma': 'scale', 'degree': 5, 'coef0': 0.1}",0.5900000000000001,0.028460498941515408,0.650039992297966,0.03497750339999492,0.5900000000000001,0.028460498941515408,0.5840630008492134,0.030485598794335978,1.0752293086929563,0.8508524705882353
SVM,"{'kernel': 'poly', 'C': 1, 'gamma': 'scale', 'degree': 5, 'coef0': 1}",0.64,0.03563705936241092,0.672895132056679,0.03777054848230029,0.64,0.03563705936241092,0.6425106645652605,0.03382563216286037,0.8859010019585861,0.8846850987394959
SVM,"{'kernel': 'poly', 'C': 1, 'gamma': 'auto', 'degree': 3, 'coef0': 0}",0.3,0.0,0.09,0.0,0.3,0.0,0.13846153846153847,0.0,1.2499940852443288,0.777543656162465
SVM,"{'kernel': 'poly', 'C': 1, 'gamma': 'auto', 'degree': 3, 'coef0': 0.1}",0.3,0.0,0.09,0.0,0.3,0.0,0.13846153846153847,0.0,1.098560637361036,0.8102265994397759
SVM,"{'kernel': 'poly', 'C': 1, 'gamma': 'auto', 'degree': 3, 'coef0': 1}",0.4,0.0,0.2,0.0,0.4,0.0,0.25,0.0,0.9170856094823027,0.8739200392156862
SVM,"{'kernel': 'poly', 'C': 1, 'gamma': 'auto', 'degree': 4, 'coef0': 0}",0.3,0.0,0.09,0.0,0.3,0.0,0.13846153846153847,0.0,1.3359880818196266,0.7419078431372548
SVM,"{'kernel': 'poly', 'C': 1, 'gamma': 'auto', 'degree': 4, 'coef0': 0.1}",0.3,0.0,0.09,0.0,0.3,0.0,0.13846153846153847,0.0,1.1798955037405359,0.7805649243697479
SVM,"{'kernel': 'poly', 'C': 1, 'gamma': 'auto', 'degree': 4, 'coef0': 1}",0.4029999999999999,0.0039999999999999845,0.30033645094469896,0.12288668356485134,0.4029999999999999,0.0039999999999999845,0.25618456201276774,0.008215414863859107,0.9370914088898745,0.8698758634453782
SVM,"{'kernel': 'poly', 'C': 1, 'gamma': 'auto', 'degree': 5, 'coef0': 0}",0.3,0.0,0.09,0.0,0.3,0.0,0.13846153846153847,0.0,1.4257058225059098,0.7221869432773109
SVM,"{'kernel': 'poly', 'C': 1, 'gamma': 'auto', 'degree': 5, 'coef0': 0.1}",0.3,0.0,0.09,0.0,0.3,0.0,0.13846153846153847,0.0,1.2460229964968734,0.7522814950980392
SVM,"{'kernel': 'poly', 'C': 1, 'gamma': 'auto', 'degree': 5, 'coef0': 1}",0.465,0.018165902124584944,0.6375409071888648,0.0744155590879587,0.465,0.018165902124584944,0.3694024979465771,0.02993951957067969,0.9369422197678954,0.8695588711484593
SVM,"{'kernel': 'poly', 'C': 10, 'gamma': 'scale', 'degree': 3, 'coef0': 0}",0.621,0.020832666655999678,0.6694877158181577,0.032605336708611245,0.621,0.020832666655999678,0.6236492086158236,0.022177186800063566,0.8731527002816044,0.8862728221288515
SVM,"{'kernel': 'poly', 'C': 10, 'gamma': 'scale', 'degree': 3, 'coef0': 0.1}",0.627,0.02063976744055031,0.6791264675277173,0.028231035835053264,0.627,0.02063976744055031,0.6303942628022141,0.021209484001918442,0.8477739603157979,0.8906265952380952
SVM,"{'kernel': 'poly', 'C': 10, 'gamma': 'scale', 'degree': 3, 'coef0': 1}",0.675,0.006324555320336764,0.6907791713733209,0.009438720761476636,0.675,0.006324555320336764,0.6768422880249357,0.00680805465937623,0.8015096713544114,0.9001552009803921
SVM,"{'kernel': 'poly', 'C': 10, 'gamma': 'scale', 'degree': 4, 'coef0': 0}",0.616,0.025768197453450273,0.6659656750198303,0.030666835741258173,0.616,0.025768197453450273,0.6170646680913341,0.02697584509360721,0.9979373937412174,0.8626022738095237
SVM,"{'kernel': 'poly', 'C': 10, 'gamma': 'scale', 'degree': 4, 'coef0': 0.1}",0.616,0.028530685235374234,0.6637709028468619,0.036718756963341474,0.616,0.028530685235374234,0.6180422960418114,0.029532668335477633,0.9311781360451933,0.8727990294117648
SVM,"{'kernel': 'poly', 'C': 10, 'gamma': 'scale', 'degree': 4, 'coef0': 1}",0.6599999999999999,0.013038404810405309,0.6735226574518445,0.018541927579776695,0.6599999999999999,0.013038404810405309,0.661761947778361,0.013899463701451396,0.8530597461362639,0.8904602065826331
SVM,"{'kernel': 'poly', 'C': 10, 'gamma': 'scale', 'degree': 5, 'coef0': 0}",0.5960000000000001,0.03469870314579495,0.6366260035015386,0.03782881880910986,0.5960000000000001,0.03469870314579495,0.5907066198577096,0.036288693223040014,1.129984493193906,0.8358331743697478
SVM,"{'kernel': 'poly', 'C': 10, 'gamma': 'scale', 'degree': 5, 'coef0': 0.1}",0.607,0.029086079144498,0.6491394545039947,0.036792418305220995,0.607,0.029086079144498,0.6078939393557757,0.030782498445963067,1.0405362264837303,0.8487021092436976
SVM,"{'kernel': 'poly', 'C': 10, 'gamma': 'scale', 'degree': 5, 'coef0': 1}",0.642,0.01860107523773829,0.6576689034686761,0.01805052320522499,0.642,0.01860107523773829,0.6437629838679377,0.017719288320008745,0.892582386250616,0.8844026057422969
SVM,"{'kernel': 'poly', 'C': 10, 'gamma': 'auto', 'degree': 3, 'coef0': 0}",0.3,0.0,0.09,0.0,0.3,0.0,0.13846153846153847,0.0,1.2302396582675548,0.7850961379551821
SVM,"{'kernel': 'poly', 'C': 10, 'gamma': 'auto', 'degree': 3, 'coef0': 0.1}",0.4,0.0,0.2,0.0,0.4,0.0,0.25,0.0,1.0508362531707107,0.8295312829131651
SVM,"{'kernel': 'poly', 'C': 10, 'gamma': 'auto', 'degree': 3, 'coef0': 1}",0.643,0.014696938456699083,0.773313309360377,0.013468156069683946,0.643,0.014696938456699083,0.6338930267819937,0.01806945869644124,0.7571871413378783,0.9092717415966387
SVM,"{'kernel': 'poly', 'C': 10, 'gamma': 'auto', 'degree': 4, 'coef0': 0}",0.3,0.0,0.09,0.0,0.3,0.0,0.13846153846153847,0.0,1.326196519145522,0.7522828557422969
SVM,"{'kernel': 'poly', 'C': 10, 'gamma': 'auto', 'degree': 4, 'coef0': 0.1}",0.3,0.0,0.09,0.0,0.3,0.0,0.13846153846153847,0.0,1.1468813088842569,0.7977663599439776
SVM,"{'kernel': 'poly', 'C': 10, 'gamma': 'auto', 'degree': 4, 'coef0': 1}",0.652,0.014000000000000012,0.7605546757648087,0.017379312730924298,0.652,0.014000000000000012,0.6470082385740731,0.015712007925514974,0.7510312771032794,0.9093583158263305
SVM,"{'kernel': 'poly', 'C': 10, 'gamma': 'auto', 'degree': 5, 'coef0': 0}",0.3,0.0,0.09,0.0,0.3,0.0,0.13846153846153847,0.0,1.3731918820114077,0.730734825630252
SVM,"{'kernel': 'poly', 'C': 10, 'gamma': 'auto', 'degree': 5, 'coef0': 0.1}",0.3,0.0,0.09,0.0,0.3,0.0,0.13846153846153847,0.0,1.2366925404947307,0.7581720952380951
SVM,"{'kernel': 'poly', 'C': 10, 'gamma': 'auto', 'degree': 5, 'coef0': 1}",0.66,0.020248456731316606,0.7483916147968241,0.018678373320808652,0.66,0.020248456731316606,0.6587650885960514,0.023164906426592066,0.745390156593372,0.9111964474789916
SVM,"{'kernel': 'sigmoid', 'C': 0.1, 'gamma': 'scale', 'degree': 3, 'coef0': 0}",0.4,0.0,0.2,0.0,0.4,0.0,0.25,0.0,1.2286830013784698,0.6553585175070028
SVM,"{'kernel': 'sigmoid', 'C': 0.1, 'gamma': 'scale', 'degree': 3, 'coef0': 0.1}",0.4,0.0,0.2,0.0,0.4,0.0,0.25,0.0,1.2288632329792388,0.654555918767507
SVM,"{'kernel': 'sigmoid', 'C': 0.1, 'gamma': 'scale', 'degree': 3, 'coef0': 1}",0.4,0.0,0.2,0.0,0.4,0.0,0.25,0.0,1.2251913804700645,0.6556475679271708
SVM,"{'kernel': 'sigmoid', 'C': 0.1, 'gamma': 'scale', 'degree': 4, 'coef0': 0}",0.4,0.0,0.2,0.0,0.4,0.0,0.25,0.0,1.2286830013784698,0.6553585175070028
SVM,"{'kernel': 'sigmoid', 'C': 0.1, 'gamma': 'scale', 'degree': 4, 'coef0': 0.1}",0.4,0.0,0.2,0.0,0.4,0.0,0.25,0.0,1.2288632329792388,0.654555918767507
SVM,"{'kernel': 'sigmoid', 'C': 0.1, 'gamma': 'scale', 'degree': 4, 'coef0': 1}",0.4,0.0,0.2,0.0,0.4,0.0,0.25,0.0,1.2251913804700645,0.6556475679271708
SVM,"{'kernel': 'sigmoid', 'C': 0.1, 'gamma': 'scale', 'degree': 5, 'coef0': 0}",0.4,0.0,0.2,0.0,0.4,0.0,0.25,0.0,1.2286830013784698,0.6553585175070028
SVM,"{'kernel': 'sigmoid', 'C': 0.1, 'gamma': 'scale', 'degree': 5, 'coef0': 0.1}",0.4,0.0,0.2,0.0,0.4,0.0,0.25,0.0,1.2288632329792388,0.654555918767507
SVM,"{'kernel': 'sigmoid', 'C': 0.1, 'gamma': 'scale', 'degree': 5, 'coef0': 1}",0.4,0.0,0.2,0.0,0.4,0.0,0.25,0.0,1.2251913804700645,0.6556475679271708
SVM,"{'kernel': 'sigmoid', 'C': 0.1, 'gamma': 'auto', 'degree': 3, 'coef0': 0}",0.3,0.0,0.09,0.0,0.3,0.0,0.13846153846153847,0.0,1.1222989340482954,0.8130861596638657
SVM,"{'kernel': 'sigmoid', 'C': 0.1, 'gamma': 'auto', 'degree': 3, 'coef0': 0.1}",0.3,0.0,0.09,0.0,0.3,0.0,0.13846153846153847,0.0,1.1508811968573018,0.7981180105042016
SVM,"{'kernel': 'sigmoid', 'C': 0.1, 'gamma': 'auto', 'degree': 3, 'coef0': 1}",0.3,0.0,0.09,0.0,0.3,0.0,0.13846153846153847,0.0,1.2181458248372115,0.7492810665266108
SVM,"{'kernel': 'sigmoid', 'C': 0.1, 'gamma': 'auto', 'degree': 4, 'coef0': 0}",0.3,0.0,0.09,0.0,0.3,0.0,0.13846153846153847,0.0,1.1222989340482954,0.8130861596638657
SVM,"{'kernel': 'sigmoid', 'C': 0.1, 'gamma': 'auto', 'degree': 4, 'coef0': 0.1}",0.3,0.0,0.09,0.0,0.3,0.0,0.13846153846153847,0.0,1.1508811968573018,0.7981180105042016
SVM,"{'kernel': 'sigmoid', 'C': 0.1, 'gamma': 'auto', 'degree': 4, 'coef0': 1}",0.3,0.0,0.09,0.0,0.3,0.0,0.13846153846153847,0.0,1.2181458248372115,0.7492810665266108
SVM,"{'kernel': 'sigmoid', 'C': 0.1, 'gamma': 'auto', 'degree': 5, 'coef0': 0}",0.3,0.0,0.09,0.0,0.3,0.0,0.13846153846153847,0.0,1.1222989340482954,0.8130861596638657
SVM,"{'kernel': 'sigmoid', 'C': 0.1, 'gamma': 'auto', 'degree': 5, 'coef0': 0.1}",0.3,0.0,0.09,0.0,0.3,0.0,0.13846153846153847,0.0,1.1508811968573018,0.7981180105042016
SVM,"{'kernel': 'sigmoid', 'C': 0.1, 'gamma': 'auto', 'degree': 5, 'coef0': 1}",0.3,0.0,0.09,0.0,0.3,0.0,0.13846153846153847,0.0,1.2181458248372115,0.7492810665266108
SVM,"{'kernel': 'sigmoid', 'C': 1, 'gamma': 'scale', 'degree': 3, 'coef0': 0}",0.341,0.01933907960581371,0.29942126119354595,0.037238394516459744,0.341,0.01933907960581371,0.30549183480660996,0.018400854251588182,1.2307694168534042,0.6522588473389357
SVM,"{'kernel': 'sigmoid', 'C': 1, 'gamma': 'scale', 'degree': 3, 'coef0': 0.1}",0.33699999999999997,0.017204650534085247,0.29367765735525864,0.033764908277920516,0.33699999999999997,0.017204650534085247,0.3010253488865864,0.014968170696006524,1.2307243878766427,0.6527386148459383
SVM,"{'kernel': 'sigmoid', 'C': 1, 'gamma': 'scale', 'degree': 3, 'coef0': 1}",0.39,0.012649110640673528,0.29733660201818696,0.03376658135004958,0.39,0.012649110640673528,0.3179960600383877,0.028550023197544534,1.229378997319432,0.6551165903361345
SVM,"{'kernel': 'sigmoid', 'C': 1, 'gamma': 'scale', 'degree': 4, 'coef0': 0}",0.341,0.01933907960581371,0.29942126119354595,0.037238394516459744,0.341,0.01933907960581371,0.30549183480660996,0.018400854251588182,1.2307694168534042,0.6522588473389357
SVM,"{'kernel': 'sigmoid', 'C': 1, 'gamma': 'scale', 'degree': 4, 'coef0': 0.1}",0.33699999999999997,0.017204650534085247,0.29367765735525864,0.033764908277920516,0.33699999999999997,0.017204650534085247,0.3010253488865864,0.014968170696006524,1.2307243878766427,0.6527386148459383
SVM,"{'kernel': 'sigmoid', 'C': 1, 'gamma': 'scale', 'degree': 4, 'coef0': 1}",0.39,0.012649110640673528,0.29733660201818696,0.03376658135004958,0.39,0.012649110640673528,0.3179960600383877,0.028550023197544534,1.229378997319432,0.6551165903361345
SVM,"{'kernel': 'sigmoid', 'C': 1, 'gamma': 'scale', 'degree': 5, 'coef0': 0}",0.341,0.01933907960581371,0.29942126119354595,0.037238394516459744,0.341,0.01933907960581371,0.30549183480660996,0.018400854251588182,1.2307694168534042,0.6522588473389357
SVM,"{'kernel': 'sigmoid', 'C': 1, 'gamma': 'scale', 'degree': 5, 'coef0': 0.1}",0.33699999999999997,0.017204650534085247,0.29367765735525864,0.033764908277920516,0.33699999999999997,0.017204650534085247,0.3010253488865864,0.014968170696006524,1.2307243878766427,0.6527386148459383
SVM,"{'kernel': 'sigmoid', 'C': 1, 'gamma': 'scale', 'degree': 5, 'coef0': 1}",0.39,0.012649110640673528,0.29733660201818696,0.03376658135004958,0.39,0.012649110640673528,0.3179960600383877,0.028550023197544534,1.229378997319432,0.6551165903361345
SVM,"{'kernel': 'sigmoid', 'C': 1, 'gamma': 'auto', 'degree': 3, 'coef0': 0}",0.4,0.0,0.2,0.0,0.4,0.0,0.25,0.0,1.0941229000081196,0.8224663592436974
SVM,"{'kernel': 'sigmoid', 'C': 1, 'gamma': 'auto', 'degree': 3, 'coef0': 0.1}",0.4,0.0,0.2,0.0,0.4,0.0,0.25,0.0,1.1331077469781083,0.8026586925770308
SVM,"{'kernel': 'sigmoid', 'C': 1, 'gamma': 'auto', 'degree': 3, 'coef0': 1}",0.4,0.0,0.2,0.0,0.4,0.0,0.25,0.0,1.203569292244238,0.7489796239495797
SVM,"{'kernel': 'sigmoid', 'C': 1, 'gamma': 'auto', 'degree': 4, 'coef0': 0}",0.4,0.0,0.2,0.0,0.4,0.0,0.25,0.0,1.0941229000081196,0.8224663592436974
SVM,"{'kernel': 'sigmoid', 'C': 1, 'gamma': 'auto', 'degree': 4, 'coef0': 0.1}",0.4,0.0,0.2,0.0,0.4,0.0,0.25,0.0,1.1331077469781083,0.8026586925770308
SVM,"{'kernel': 'sigmoid', 'C': 1, 'gamma': 'auto', 'degree': 4, 'coef0': 1}",0.4,0.0,0.2,0.0,0.4,0.0,0.25,0.0,1.203569292244238,0.7489796239495797
SVM,"{'kernel': 'sigmoid', 'C': 1, 'gamma': 'auto', 'degree': 5, 'coef0': 0}",0.4,0.0,0.2,0.0,0.4,0.0,0.25,0.0,1.0941229000081196,0.8224663592436974
SVM,"{'kernel': 'sigmoid', 'C': 1, 'gamma': 'auto', 'degree': 5, 'coef0': 0.1}",0.4,0.0,0.2,0.0,0.4,0.0,0.25,0.0,1.1331077469781083,0.8026586925770308
SVM,"{'kernel': 'sigmoid', 'C': 1, 'gamma': 'auto', 'degree': 5, 'coef0': 1}",0.4,0.0,0.2,0.0,0.4,0.0,0.25,0.0,1.203569292244238,0.7489796239495797
SVM,"{'kernel': 'sigmoid', 'C': 10, 'gamma': 'scale', 'degree': 3, 'coef0': 0}",0.33499999999999996,0.02213594362117865,0.29271147657617747,0.028542281428304773,0.33499999999999996,0.02213594362117865,0.2976324444684265,0.012183022745829497,1.2305312363214531,0.6527988578431374
SVM,"{'kernel': 'sigmoid', 'C': 10, 'gamma': 'scale', 'degree': 3, 'coef0': 0.1}",0.332,0.016309506430300078,0.28890975039081934,0.033866076226101584,0.332,0.016309506430300078,0.2951196981341461,0.011933769416034799,1.2303226124906577,0.6532574719887956
SVM,"{'kernel': 'sigmoid', 'C': 10, 'gamma': 'scale', 'degree': 3, 'coef0': 1}",0.333,0.012884098726725118,0.28860451001046417,0.039186960586287484,0.333,0.012884098726725118,0.29661445054695373,0.018970425762692856,1.2293780339807554,0.652671443277311
SVM,"{'kernel': 'sigmoid', 'C': 10, 'gamma': 'scale', 'degree': 4, 'coef0': 0}",0.33499999999999996,0.02213594362117865,0.29271147657617747,0.028542281428304773,0.33499999999999996,0.02213594362117865,0.2976324444684265,0.012183022745829497,1.2305312363214531,0.6527988578431374
SVM,"{'kernel': 'sigmoid', 'C': 10, 'gamma': 'scale', 'degree': 4, 'coef0': 0.1}",0.332,0.016309506430300078,0.28890975039081934,0.033866076226101584,0.332,0.016309506430300078,0.2951196981341461,0.011933769416034799,1.2303226124906577,0.6532574719887956
SVM,"{'kernel': 'sigmoid', 'C': 10, 'gamma': 'scale', 'degree': 4, 'coef0': 1}",0.333,0.012884098726725118,0.28860451001046417,0.039186960586287484,0.333,0.012884098726725118,0.29661445054695373,0.018970425762692856,1.2293780339807554,0.652671443277311
SVM,"{'kernel': 'sigmoid', 'C': 10, 'gamma': 'scale', 'degree': 5, 'coef0': 0}",0.33499999999999996,0.02213594362117865,0.29271147657617747,0.028542281428304773,0.33499999999999996,0.02213594362117865,0.2976324444684265,0.012183022745829497,1.2305312363214531,0.6527988578431374
SVM,"{'kernel': 'sigmoid', 'C': 10, 'gamma': 'scale', 'degree': 5, 'coef0': 0.1}",0.332,0.016309506430300078,0.28890975039081934,0.033866076226101584,0.332,0.016309506430300078,0.2951196981341461,0.011933769416034799,1.2303226124906577,0.6532574719887956
SVM,"{'kernel': 'sigmoid', 'C': 10, 'gamma': 'scale', 'degree': 5, 'coef0': 1}",0.333,0.012884098726725118,0.28860451001046417,0.039186960586287484,0.333,0.012884098726725118,0.29661445054695373,0.018970425762692856,1.2293780339807554,0.652671443277311
SVM,"{'kernel': 'sigmoid', 'C': 10, 'gamma': 'auto', 'degree': 3, 'coef0': 0}",0.42400000000000004,0.009695359714832668,0.5141944398555014,0.060688228436260226,0.42400000000000004,0.009695359714832668,0.3102870175538749,0.014958677590791314,1.0889576045107645,0.8220581442577031
SVM,"{'kernel': 'sigmoid', 'C': 10, 'gamma': 'auto', 'degree': 3, 'coef0': 0.1}",0.425,0.007071067811865481,0.4831221690773072,0.048907176633158814,0.425,0.007071067811865481,0.3178750428818425,0.013796993602826713,1.1313540206678006,0.8017404082633053
SVM,"{'kernel': 'sigmoid', 'C': 10, 'gamma': 'auto', 'degree': 3, 'coef0': 1}",0.4,0.0,0.2,0.0,0.4,0.0,0.25,0.0,1.197149611826685,0.7501696715686275
SVM,"{'kernel': 'sigmoid', 'C': 10, 'gamma': 'auto', 'degree': 4, 'coef0': 0}",0.42400000000000004,0.009695359714832668,0.5141944398555014,0.060688228436260226,0.42400000000000004,0.009695359714832668,0.3102870175538749,0.014958677590791314,1.0889576045107645,0.8220581442577031
SVM,"{'kernel': 'sigmoid', 'C': 10, 'gamma': 'auto', 'degree': 4, 'coef0': 0.1}",0.425,0.007071067811865481,0.4831221690773072,0.048907176633158814,0.425,0.007071067811865481,0.3178750428818425,0.013796993602826713,1.1313540206678006,0.8017404082633053
SVM,"{'kernel': 'sigmoid', 'C': 10, 'gamma': 'auto', 'degree': 4, 'coef0': 1}",0.4,0.0,0.2,0.0,0.4,0.0,0.25,0.0,1.197149611826685,0.7501696715686275
SVM,"{'kernel': 'sigmoid', 'C': 10, 'gamma': 'auto', 'degree': 5, 'coef0': 0}",0.42400000000000004,0.009695359714832668,0.5141944398555014,0.060688228436260226,0.42400000000000004,0.009695359714832668,0.3102870175538749,0.014958677590791314,1.0889576045107645,0.8220581442577031
SVM,"{'kernel': 'sigmoid', 'C': 10, 'gamma': 'auto', 'degree': 5, 'coef0': 0.1}",0.425,0.007071067811865481,0.4831221690773072,0.048907176633158814,0.425,0.007071067811865481,0.3178750428818425,0.013796993602826713,1.1313540206678006,0.8017404082633053
SVM,"{'kernel': 'sigmoid', 'C': 10, 'gamma': 'auto', 'degree': 5, 'coef0': 1}",0.4,0.0,0.2,0.0,0.4,0.0,0.25,0.0,1.197149611826685,0.7501696715686275
NaiveBayes,{'var_smoothing': 1e-09},0.345,0.045497252664309304,0.3873311695113534,0.10758046291158475,0.345,0.045497252664309304,0.31059229362564494,0.053291995283040586,12.201060482707565,0.6786923032212885
NaiveBayes,{'var_smoothing': 1e-08},0.345,0.045497252664309304,0.3873311695113534,0.10758046291158475,0.345,0.045497252664309304,0.31059229362564494,0.053291995283040586,12.201060482707565,0.6786923032212885
NaiveBayes,{'var_smoothing': 1e-07},0.345,0.045497252664309304,0.3873311695113534,0.10758046291158475,0.345,0.045497252664309304,0.31059229362564494,0.053291995283040586,12.201060482707565,0.6786923032212885
KNN,"{'n_neighbors': 3, 'weights': 'uniform', 'metric': 'euclidean'}",0.458,0.023366642891095846,0.46328943219597096,0.028792424592902953,0.458,0.023366642891095846,0.44422106539932427,0.028760192273619496,9.595037374909506,0.7333561981792717
KNN,"{'n_neighbors': 3, 'weights': 'uniform', 'metric': 'manhattan'}",0.46299999999999997,0.02908607914449797,0.47341217050511464,0.01971550973572799,0.46299999999999997,0.02908607914449797,0.45330478664499185,0.02995049096168045,10.042391437409744,0.7288999908963586
KNN,"{'n_neighbors': 3, 'weights': 'uniform', 'metric': 'minkowski'}",0.458,0.023366642891095846,0.46328943219597096,0.028792424592902953,0.458,0.023366642891095846,0.44422106539932427,0.028760192273619496,9.595037374909506,0.7333561981792717
KNN,"{'n_neighbors': 3, 'weights': 'distance', 'metric': 'euclidean'}",0.45499999999999996,0.029325756597230364,0.45591766417922786,0.029133106322332063,0.45499999999999996,0.029325756597230364,0.45232195286186216,0.030674532218282695,9.594437496495994,0.7382385791316527
KNN,"{'n_neighbors': 3, 'weights': 'distance', 'metric': 'manhattan'}",0.458,0.022934689882359426,0.4594362454450778,0.023487680423902778,0.458,0.022934689882359426,0.4545423448293791,0.02591476311402341,10.041799813431311,0.7341990087535015
KNN,"{'n_neighbors': 3, 'weights': 'distance', 'metric': 'minkowski'}",0.45499999999999996,0.029325756597230364,0.45591766417922786,0.029133106322332063,0.45499999999999996,0.029325756597230364,0.45232195286186216,0.030674532218282695,9.594437496495994,0.7382385791316527
KNN,"{'n_neighbors': 5, 'weights': 'uniform', 'metric': 'euclidean'}",0.465,0.020248456731316585,0.4662294697277316,0.028095978588655902,0.465,0.020248456731316585,0.4535844529715086,0.025437525642008806,5.083309009052412,0.7612875840336134
KNN,"{'n_neighbors': 5, 'weights': 'uniform', 'metric': 'manhattan'}",0.475,0.019999999999999997,0.4757429775555444,0.028485332047108743,0.475,0.019999999999999997,0.4613494211070715,0.024575480098417438,5.885268674037702,0.7474636792717086
KNN,"{'n_neighbors': 5, 'weights': 'uniform', 'metric': 'minkowski'}",0.465,0.020248456731316585,0.4662294697277316,0.028095978588655902,0.465,0.020248456731316585,0.4535844529715086,0.025437525642008806,5.083309009052412,0.7612875840336134
KNN,"{'n_neighbors': 5, 'weights': 'distance', 'metric': 'euclidean'}",0.483,0.021118712081942874,0.4801790402208289,0.023488676415728924,0.483,0.021118712081942874,0.4775727883468111,0.025117144611025113,5.082826924732876,0.7653702433473389
KNN,"{'n_neighbors': 5, 'weights': 'distance', 'metric': 'manhattan'}",0.475,0.03361547262794323,0.4714843182602609,0.036436773317972834,0.475,0.03361547262794323,0.4693990182663021,0.036213450643097216,5.884280565643205,0.754049943277311
KNN,"{'n_neighbors': 5, 'weights': 'distance', 'metric': 'minkowski'}",0.483,0.021118712081942874,0.4801790402208289,0.023488676415728924,0.483,0.021118712081942874,0.4775727883468111,0.025117144611025113,5.082826924732876,0.7653702433473389
KNN,"{'n_neighbors': 7, 'weights': 'uniform', 'metric': 'euclidean'}",0.477,0.025612496949731396,0.4736384107152535,0.03423104987212863,0.477,0.025612496949731396,0.46338225815998974,0.030058391675837494,2.767405600799324,0.7743859152661065
KNN,"{'n_neighbors': 7, 'weights': 'uniform', 'metric': 'manhattan'}",0.466,0.029223278392404916,0.45911284287443965,0.023056964344597794,0.466,0.029223278392404916,0.45411495154436343,0.02484984021653585,3.539518891661408,0.7552946512605042
KNN,"{'n_neighbors': 7, 'weights': 'uniform', 'metric': 'minkowski'}",0.477,0.025612496949731396,0.4736384107152535,0.03423104987212863,0.477,0.025612496949731396,0.46338225815998974,0.030058391675837494,2.767405600799324,0.7743859152661065
KNN,"{'n_neighbors': 7, 'weights': 'distance', 'metric': 'euclidean'}",0.477,0.03627671429443412,0.4710644114625162,0.0400194698265362,0.477,0.03627671429443412,0.4704294862012593,0.03983870886527024,2.7669060607442235,0.7776184656862745
KNN,"{'n_neighbors': 7, 'weights': 'distance', 'metric': 'manhattan'}",0.477,0.039446165846632034,0.4699291705541559,0.040813600565683075,0.477,0.039446165846632034,0.4690484210536886,0.04047332194268019,3.5382635921949572,0.7620875696778711
KNN,"{'n_neighbors': 7, 'weights': 'distance', 'metric': 'minkowski'}",0.477,0.03627671429443412,0.4710644114625162,0.0400194698265362,0.477,0.03627671429443412,0.4704294862012593,0.03983870886527024,2.7669060607442235,0.7776184656862745
KNN,"{'n_neighbors': 10, 'weights': 'uniform', 'metric': 'euclidean'}",0.496,0.02596150997149435,0.4960946241118891,0.030402407171232198,0.496,0.02596150997149435,0.4828855363494702,0.027815244110823326,1.6913805696158313,0.7860185630252101
KNN,"{'n_neighbors': 10, 'weights': 'uniform', 'metric': 'manhattan'}",0.48100000000000004,0.05266877632905478,0.48146296284943546,0.0524277493258262,0.48100000000000004,0.05266877632905478,0.4702859928743329,0.05262820234705225,1.9908173897277486,0.7701781908263305
KNN,"{'n_neighbors': 10, 'weights': 'uniform', 'metric': 'minkowski'}",0.496,0.02596150997149435,0.4960946241118891,0.030402407171232198,0.496,0.02596150997149435,0.4828855363494702,0.027815244110823326,1.6913805696158313,0.7860185630252101
KNN,"{'n_neighbors': 10, 'weights': 'distance', 'metric': 'euclidean'}",0.493,0.01720465053408525,0.4838583840812999,0.02296830939854962,0.493,0.01720465053408525,0.48328153542804797,0.021655192107879785,1.6907527854567572,0.790441318977591
KNN,"{'n_neighbors': 10, 'weights': 'distance', 'metric': 'manhattan'}",0.483,0.03880721582386452,0.47838852305800084,0.039242862350412015,0.483,0.03880721582386452,0.4768723852455947,0.04024549732848051,1.9896710046742423,0.7760515427170869
KNN,"{'n_neighbors': 10, 'weights': 'distance', 'metric': 'minkowski'}",0.493,0.01720465053408525,0.4838583840812999,0.02296830939854962,0.493,0.01720465053408525,0.48328153542804797,0.021655192107879785,1.6907527854567572,0.790441318977591
Bagging,"{'n_estimators': 10, 'max_samples': 0.5, 'max_features': 0.5}",0.43599999999999994,0.026532998322843192,0.4361201414708062,0.024834765241803856,0.43599999999999994,0.026532998322843192,0.4237139088786132,0.02192830448132847,2.2913341986960205,0.7356865017507003
Bagging,"{'n_estimators': 10, 'max_samples': 0.5, 'max_features': 0.8}",0.43499999999999994,0.03492849839314596,0.4362764157737663,0.03862945638249375,0.43499999999999994,0.03492849839314596,0.42387653740731557,0.03752480807308275,2.271733725922354,0.740678919117647
Bagging,"{'n_estimators': 10, 'max_samples': 0.5, 'max_features': 1.0}",0.426,0.02690724809414742,0.4223461758529254,0.02622008638959204,0.426,0.02690724809414742,0.4148506413975165,0.025227418671227738,2.1920647915153046,0.7360333032212886
Bagging,"{'n_estimators': 10, 'max_samples': 0.8, 'max_features': 0.5}",0.44000000000000006,0.008366600265340763,0.43925883827641216,0.01139688634861133,0.44000000000000006,0.008366600265340763,0.4287868488940293,0.009659926424708969,2.24284694491691,0.7450165588235295
Bagging,"{'n_estimators': 10, 'max_samples': 0.8, 'max_features': 0.8}",0.43999999999999995,0.02258317958127243,0.4386302678434106,0.03140198464871507,0.43999999999999995,0.02258317958127243,0.43054613526277474,0.023329332047708123,2.1304022245784817,0.745801830882353
Bagging,"{'n_estimators': 10, 'max_samples': 0.8, 'max_features': 1.0}",0.44399999999999995,0.023537204591879645,0.43808291754188844,0.025368723827596702,0.44399999999999995,0.023537204591879645,0.43281780226325894,0.021459330948986142,2.09279298637421,0.7512325234593837
Bagging,"{'n_estimators': 10, 'max_samples': 1.0, 'max_features': 0.5}",0.44000000000000006,0.021213203435596423,0.44415130689976345,0.02644400079153418,0.44000000000000006,0.021213203435596423,0.4267893670005215,0.02492584067263734,2.3265808965350696,0.7367578785014006
Bagging,"{'n_estimators': 10, 'max_samples': 1.0, 'max_features': 0.8}",0.44300000000000006,0.02420743687382041,0.4464916744321454,0.032266772470885954,0.44300000000000006,0.02420743687382041,0.43098425093394327,0.02593608064033773,2.220013647793057,0.7504012433473389
Bagging,"{'n_estimators': 10, 'max_samples': 1.0, 'max_features': 1.0}",0.44799999999999995,0.022045407685048608,0.44196777007649074,0.029196497558623104,0.44799999999999995,0.022045407685048608,0.43421394159564947,0.02500661916161097,2.5642883953968907,0.7433057083333334
Bagging,"{'n_estimators': 50, 'max_samples': 0.5, 'max_features': 0.5}",0.501,0.034842502780368705,0.5248322536161686,0.03639567449392739,0.501,0.034842502780368705,0.4895526057895242,0.03682250662150124,1.1182545948639366,0.7848590889355742
Bagging,"{'n_estimators': 50, 'max_samples': 0.5, 'max_features': 0.8}",0.48600000000000004,0.02154065922853802,0.5083813953916421,0.020417538778477285,0.48600000000000004,0.02154065922853802,0.47007615208942005,0.023759095556555497,1.1038810973192696,0.7911259663865546
Bagging,"{'n_estimators': 50, 'max_samples': 0.5, 'max_features': 1.0}",0.501,0.009695359714832668,0.5100666875018596,0.01740282505230771,0.501,0.009695359714832668,0.48749960050533614,0.01147897721361104,1.128257609466813,0.7924107135854342
Bagging,"{'n_estimators': 50, 'max_samples': 0.8, 'max_features': 0.5}",0.49000000000000005,0.013784048752090234,0.49872491058693785,0.02256838769577548,0.49000000000000005,0.013784048752090234,0.47655865633997474,0.012105309040274093,1.0963028823768,0.7941263869047619
Bagging,"{'n_estimators': 50, 'max_samples': 0.8, 'max_features': 0.8}",0.49000000000000005,0.03240370349203932,0.4956652830482463,0.02965138073232438,0.49000000000000005,0.03240370349203932,0.47798477131338934,0.03086137024189706,1.089195454148462,0.7963100854341738
Bagging,"{'n_estimators': 50, 'max_samples': 0.8, 'max_features': 1.0}",0.502,0.014352700094407337,0.5112136591875684,0.020720122260548618,0.502,0.014352700094407337,0.48979998924735,0.012252320289528983,1.083638378448584,0.7968985511204483
Bagging,"{'n_estimators': 50, 'max_samples': 1.0, 'max_features': 0.5}",0.484,0.016852299546352707,0.4957553505446509,0.02482119869530307,0.484,0.016852299546352707,0.4709319408432907,0.018449367669270442,1.1035745313850391,0.7858902125350141
Bagging,"{'n_estimators': 50, 'max_samples': 1.0, 'max_features': 0.8}",0.495,0.023664319132398467,0.5033043602543081,0.02692058591088142,0.495,0.023664319132398467,0.4814783699597087,0.02382629728938492,1.0884069076207625,0.7970659362745097
Bagging,"{'n_estimators': 50, 'max_samples': 1.0, 'max_features': 1.0}",0.5129999999999999,0.01691153452528778,0.5228074772689375,0.02768043319902161,0.5129999999999999,0.01691153452528778,0.5005905099986854,0.01759095990009015,1.079305162782153,0.7970244576330533
Bagging,"{'n_estimators': 100, 'max_samples': 0.5, 'max_features': 0.5}",0.504,0.02244994432064367,0.5404322066245826,0.03978963052366105,0.504,0.02244994432064367,0.48361303173272974,0.02473577318715979,1.113288968155841,0.7951005308123249
Bagging,"{'n_estimators': 100, 'max_samples': 0.5, 'max_features': 0.8}",0.504,0.01319090595827293,0.5311713454641904,0.017250478675051233,0.504,0.01319090595827293,0.4880544961489372,0.015707149350292448,1.0958338505607355,0.8024705833333334
Bagging,"{'n_estimators': 100, 'max_samples': 0.5, 'max_features': 1.0}",0.5149999999999999,0.015491933384829683,0.5265380788710673,0.01322225429807795,0.5149999999999999,0.015491933384829683,0.5005713545646416,0.015781590764097714,1.0877243010532045,0.8043570493697481
Bagging,"{'n_estimators': 100, 'max_samples': 0.8, 'max_features': 0.5}",0.522,0.008717797887081356,0.5383141764965814,0.009112542062531032,0.522,0.008717797887081356,0.5068139467223653,0.0084331644533932,1.0858367782794855,0.8100746579131652
Bagging,"{'n_estimators': 100, 'max_samples': 0.8, 'max_features': 0.8}",0.502,0.03249615361854385,0.5135550570789198,0.039653665634786645,0.502,0.03249615361854385,0.4888015267523736,0.029265602466561333,1.0749737401457833,0.8092578613445378
Bagging,"{'n_estimators': 100, 'max_samples': 0.8, 'max_features': 1.0}",0.52,0.03591656999213597,0.5384652184381841,0.03767433466684476,0.52,0.03591656999213597,0.509291771480275,0.031630282303843134,1.0739837267018686,0.8079456614145659
Bagging,"{'n_estimators': 100, 'max_samples': 1.0, 'max_features': 0.5}",0.5,0.0223606797749979,0.528860163905154,0.03591183760647299,0.5,0.0223606797749979,0.4878235035237829,0.027474680509028945,1.086221449640337,0.8060866694677872
Bagging,"{'n_estimators': 100, 'max_samples': 1.0, 'max_features': 0.8}",0.5209999999999999,0.013564659966250548,0.5315014496172933,0.01682882192904444,0.5209999999999999,0.013564659966250548,0.5048042940390544,0.019620062943734893,1.073413376177046,0.811950212535014
Bagging,"{'n_estimators': 100, 'max_samples': 1.0, 'max_features': 1.0}",0.511,0.025573423705088867,0.5199390622624547,0.024584882124674714,0.511,0.025573423705088867,0.4973600190824648,0.025734726838188886,1.0702763159606958,0.8077290934873949
AdaBoost,"{'n_estimators': 50, 'learning_rate': 0.01}",0.4,0.0,0.19915935089119446,0.0016812982176110712,0.4,0.0,0.24963771813450353,0.0007245637309929665,1.555842290995802,0.6524672619047619
AdaBoost,"{'n_estimators': 50, 'learning_rate': 0.1}",0.4,0.0,0.2001117318435754,0.00022346368715082666,0.4,0.0,0.2501255230125523,0.00025104602510459537,1.565837838401871,0.6990776901260504
AdaBoost,"{'n_estimators': 50, 'learning_rate': 1.0}",0.388,0.016309506430300085,0.39777180857932304,0.024527058509197504,0.388,0.016309506430300085,0.38331677159382044,0.016892816388232777,1.5868923439524967,0.7297283371848741
AdaBoost,"{'n_estimators': 100, 'learning_rate': 0.01}",0.4,0.0,0.19915935089119446,0.0016812982176110712,0.4,0.0,0.24963771813450353,0.0007245637309929665,1.5572998905778355,0.6532339285714286
AdaBoost,"{'n_estimators': 100, 'learning_rate': 0.1}",0.403,0.008124038404635941,0.2879261382342204,0.01668497297222773,0.403,0.008124038404635941,0.3261257355418915,0.017732311136265257,1.5705396622369512,0.7072402570028011
AdaBoost,"{'n_estimators': 100, 'learning_rate': 1.0}",0.43899999999999995,0.03056141357987224,0.44290604528873667,0.04049462721289377,0.43899999999999995,0.03056141357987224,0.43086652953359633,0.028236195663267027,1.589101822857269,0.7509961757703081
AdaBoost,"{'n_estimators': 200, 'learning_rate': 0.01}",0.4,0.0,0.2,0.0,0.4,0.0,0.25,0.0,1.560096957205502,0.6525942226890756
AdaBoost,"{'n_estimators': 200, 'learning_rate': 0.1}",0.418,0.00509901951359279,0.37684499818873485,0.05477761103099739,0.418,0.00509901951359279,0.3568869049430373,0.01291991722802821,1.5766343684101283,0.7242931897759103
AdaBoost,"{'n_estimators': 200, 'learning_rate': 1.0}",0.453,0.01691153452528776,0.46644059524486703,0.02633201238167623,0.453,0.01691153452528776,0.44666839691898985,0.018255547785130284,1.5906911222063709,0.7670949100140056
